product_code,nombre,precio_lista_1,stock,unidades_por_bulto,unidad_minima_de_venta,umv_tipo,categoria_1,categoria_2,categoria_3,categoria_4,aliases,rotacion_index,mental_priority,descripcion,image_url,en_catalogo,is_mock,fuente_hoja
80000,ADELANTO CTA CTE,1.0,304,1,1,unidad,Almacén,Otros,General,General,adelanto cta cte|adelanto cta cte general,0.6,0.6,ADELANTO CTA CTE,https://images.unsplash.com/photo-1542838132-92c53300491e?w=500&q=80,true,true,Hoja1
318,AGUA 2 lts. X6 VILLA MANAOS,5040.0,431,6,1,unidad,Bebidas,Aguas y Sodas,Agua sin Gas,Manaos,agua 2 lts x6 villa manaos|agua  villa manaos|agua mineral|agua mineralizada,0.86,0.89,AGUA 2 lts. X6 VILLA MANAOS,https://images.unsplash.com/photo-1548839140-29a749e1cf4d?w=500&q=80,true,true,Hoja1
316,AGUA 600ml X12 VILLA MANAOS,5950.0,436,12,1,unidad,Bebidas,Aguas y Sodas,Agua sin Gas,Manaos,agua 600ml x12 villa manaos|agua villa manaos|agua mineral|agua mineralizada,0.87,0.9,AGUA 600ml X12 VILLA MANAOS,https://images.unsplash.com/photo-1548839140-29a749e1cf4d?w=500&q=80,true,true,Hoja1
319,AGUA BIDON 6lts. VILLA MANAOS,2230.0,441,1,1,unidad,Bebidas,Aguas y Sodas,Agua sin Gas,Manaos,agua bidon 6lts villa manaos|agua bidon  villa manaos|agua mineral|agua mineralizada,0.88,0.91,AGUA BIDON 6lts. VILLA MANAOS,https://images.unsplash.com/photo-1548839140-29a749e1cf4d?w=500&q=80,true,true,Hoja1
317,AGUA c/ GAS 600ml X12 VILLA MANAOS,5930.0,446,12,1,unidad,Bebidas,Aguas y Sodas,Agua con Gas,Manaos,agua c gas 600ml x12 villa manaos|agua c gas villa manaos|agua mineral|agua mineralizada,0.89,0.92,AGUA c/ GAS 600ml X12 VILLA MANAOS,https://images.unsplash.com/photo-1548839140-29a749e1cf4d?w=500&q=80,true,true,Hoja1
356,AGUA EL SANO CORAZON ARGENTINO 1.5 LTS. X 6 S/GAS,4410.0,299,6,1,unidad,Bebidas,Aguas y Sodas,Agua sin Gas,Bebidas Generales,agua el sano corazon argentino 15 lts x 6 sgas|agua el sano corazon argentino 1 sgas|agua el sano corazon argentino 1 sgas bebidas generales|agua mineral|agua mineralizada,0.59,0.59,AGUA EL SANO CORAZON ARGENTINO 1.5 LTS. X 6 S/GAS MANAOS,https://images.unsplash.com/photo-1548839140-29a749e1cf4d?w=500&q=80,true,true,Hoja1
393,AGUA EL SANO CORAZON ARGENTINO 500 ML X 12 S/GAS,5020.0,299,12,1,unidad,Bebidas,Aguas y Sodas,Agua sin Gas,Bebidas Generales,agua el sano corazon argentino 500 ml x 12 sgas|agua el sano corazon argentino sgas|agua el sano corazon argentino sgas bebidas generales|agua mineral|agua mineralizada,0.59,0.59,AGUA EL SANO CORAZON ARGENTINO 500 ML X 12 S/GAS,https://images.unsplash.com/photo-1548839140-29a749e1cf4d?w=500&q=80,true,true,Hoja1
456,AJI MOLIDO BASILIA 1 X 25GR,430.0,294,1,1,unidad,Almacén,Condimentos y Especias,Especias y Hierbas,Basilia,aji molido basilia 1 x 25gr|aji molido basilia 25gr,0.58,0.58,AJI MOLIDO BASILIA1 X 25GR,https://images.unsplash.com/photo-1596040033229-a9821ebd058d?w=500&q=80,true,true,Hoja1
10127,ALAMESA MINI TOSTADAS DE ARROZ 1X120GRS GAONA,1760.0,465,1,1,unidad,Almacén,Galletas y Panificados,Tostadas,Gaona,alamesa mini tostadas de arroz 1x120grs gaona|tostadas de arroz,0.93,0.86,ALAMESA MINI TOSTADAS DE ARROZ 1X120GRS GAONA,https://images.unsplash.com/photo-1558961309-dbdf700068f7?w=500&q=80,true,true,Hoja1
10128,ALAMESA TOSTADA CLASICA 1X200GRS GAONA,1420.0,470,1,1,unidad,Almacén,Galletas y Panificados,Tostadas,Gaona,alamesa tostada clasica 1x200grs gaona|tostadas,0.94,0.87,ALAMESA TOSTADA CLASICA 1X200GRS GAONA,https://images.unsplash.com/photo-1558961309-dbdf700068f7?w=500&q=80,true,true,Hoja1
10129,ALAMESA TOSTADA DULCES 1X200GRS GAONA,1420.0,426,1,1,unidad,Almacén,Galletas y Panificados,Tostadas,Gaona,alamesa tostada dulces 1x200grs gaona|tostadas,0.85,0.88,ALAMESA TOSTADA DULCES 1X200GRS GAONA,https://images.unsplash.com/photo-1558961309-dbdf700068f7?w=500&q=80,true,true,Hoja1
10130,ALAMESA TOSTADA LIGHT 1X200GRS GAONA,1420.0,431,1,1,unidad,Almacén,Galletas y Panificados,Tostadas,Gaona,alamesa tostada light 1x200grs gaona|tostadas,0.86,0.89,ALAMESA TOSTADA LIGHT 1X200GRS GAONA,https://images.unsplash.com/photo-1558961309-dbdf700068f7?w=500&q=80,true,true,Hoja1
10131,ALAMESA TOSTADAS DE ARROZ CLÁSICAS 1X150GRS GAONA,1900.0,436,1,1,unidad,Almacén,Galletas y Panificados,Tostadas,Gaona,alamesa tostadas de arroz clasicas 1x150grs gaona|tostadas de arroz,0.87,0.9,ALAMESA TOSTADAS DE ARROZ CLÁSICAS 1X150GRS GAONA,https://images.unsplash.com/photo-1558961309-dbdf700068f7?w=500&q=80,true,true,Hoja1
10132,ALAMESA TOSTADAS DE ARROZ DULCES 1X150GRS GAONA,1900.0,441,1,1,unidad,Almacén,Galletas y Panificados,Tostadas,Gaona,alamesa tostadas de arroz dulces 1x150grs gaona|tostadas de arroz,0.88,0.91,ALAMESA TOSTADAS DE ARROZ DULCES 1X150GRS GAONA,https://images.unsplash.com/photo-1558961309-dbdf700068f7?w=500&q=80,true,true,Hoja1
10133,ALAMESA TOSTADAS DE ARROZ SIN SAL 1X150GRS GAONA,1900.0,446,1,1,unidad,Almacén,Galletas y Panificados,Tostadas,Gaona,alamesa tostadas de arroz sin sal 1x150grs gaona|tostadas de arroz,0.89,0.92,ALAMESA TOSTADAS DE ARROZ SIN SAL 1X150GRS GAONA,https://images.unsplash.com/photo-1558961309-dbdf700068f7?w=500&q=80,true,true,Hoja1
313,ANANA 1.5 lts. X6 PLACER,7480.0,284,6,1,unidad,Bebidas,Gaseosas,Gaseosas Sabores Varios,Placer,anana 15 lts x6 placer|anana 1 placer,0.56,0.56,ANANA 1.5 lts. X6 PLACER,https://images.unsplash.com/photo-1622483767028-3f66f32aef97?w=500&q=80,true,true,Hoja1
307,ANANA 500ml X12 PLACER,7870.0,284,12,1,unidad,Bebidas,Gaseosas,Gaseosas Sabores Varios,Placer,anana 500ml x12 placer|anana placer,0.56,0.56,ANANA 500ml X12 PLACER,https://images.unsplash.com/photo-1622483767028-3f66f32aef97?w=500&q=80,true,true,Hoja1
10115,ANILLO COCO 1X220GRS GAONA,1330.0,460,1,1,unidad,Almacén,Galletas y Panificados,Galletitas Dulces,Gaona,anillo coco 1x220grs gaona,0.92,0.85,ANILLO COCO 1X220GRS GAONA,https://images.unsplash.com/photo-1558961309-dbdf700068f7?w=500&q=80,true,true,Hoja1
10116,ANILLO LIMON 1X220GRS GAONA,1330.0,284,1,1,unidad,Bebidas,Gaseosas,Gaseosa Limón,Bebidas Generales,anillo limon 1x220grs gaona|anillo limon 1x220grs gaona bebidas generales,0.56,0.56,GAONA ANILLO LIMON 16X220G,https://images.unsplash.com/photo-1622483767028-3f66f32aef97?w=500&q=80,true,true,Hoja1
10117,ANILLO VAINILLA 1X220GRS GAONA,1330.0,470,1,1,unidad,Almacén,Galletas y Panificados,Galletitas Dulces,Gaona,anillo vainilla 1x220grs gaona,0.94,0.87,ANILLO VAINILLA 1X220GRS GAONA,https://images.unsplash.com/photo-1558961309-dbdf700068f7?w=500&q=80,true,true,Hoja1
10014,ARITOS GALACTICOS SABOR CEBOLLA X60GR OVNI,1110.0,353,1,1,unidad,Almacén,Snacks y Copetín,Snacks de Maíz y Extruidos,Ovni,aritos galacticos sabor cebolla x60gr ovni,0.7,0.74,ARITOS GALACTICOS SABOR CEBOLLA X60GR OVNI,https://images.unsplash.com/photo-1599490659213-e2b9527ec087?w=500&q=80,true,true,Hoja1
10163,ARMA TU CUMPLE,31230.0,279,1,1,unidad,Almacén,Otros,General,General,arma tu cumple|arma tu cumple general,0.55,0.55,ARMA TU CUMPLE,https://images.unsplash.com/photo-1542838132-92c53300491e?w=500&q=80,true,true,Hoja1
229,ATUN BAHIA AL NAT. DESM. 170 GR,1550.0,279,1,1,unidad,Almacén,Otros,General,General,atun bahia al nat desm 170 gr|atun bahia al nat desm 170 gr general,0.55,0.55,ATUN BAHIA AL NAT. DESM. 170 GR,https://images.unsplash.com/photo-1542838132-92c53300491e?w=500&q=80,true,true,Hoja1
10168,ATUN BAHIA DESMENUZADO AL ACEITE 170G,1550.0,274,1,1,unidad,Almacén,Aceites y Aderezos,Aceites,Aderezos y Aceites,atun bahia desmenuzado al aceite 170g|atun bahia desmenuzado al aceite|atun bahia desmenuzado al aceite aderezos y aceites,0.54,0.54,ATUN BAHIA DESMENUZADO AL ACEITE 170G,https://images.unsplash.com/photo-1542838132-92c53300491e?w=500&q=80,true,true,Hoja1
10,BARRAS DE CEREAL CHOCOLATE 15X23GR,11840.0,274,15,1,unidad,Bebidas,Gaseosas,Gaseosa Cola,Bebidas Generales,barras de cereal chocolate 15x23gr|barras de cereal chocolate 15x23gr bebidas generales,0.54,0.54,BARRAS DE CEREAL CHOCOLATE 15X23GR,https://images.unsplash.com/photo-1622483767028-3f66f32aef97?w=500&q=80,true,true,Hoja1
6,BARRAS DE CEREAL ORIGINAL 15X23 GR,11840.0,274,23,1,unidad,Almacén,Otros,General,General,barras de cereal original 15x23 gr|barras de cereal original 15x23 gr general,0.54,0.54,BARRAS DE CEREAL ORIGINAL 15X23 GR,https://images.unsplash.com/photo-1542838132-92c53300491e?w=500&q=80,true,true,Hoja1
9,BARRAS DE CEREAL YOGUR FRUTILLA 15X23GR,11840.0,274,15,1,unidad,Almacén,Otros,General,General,barras de cereal yogur frutilla 15x23gr|barras de cereal yogur frutilla 15x23gr general,0.54,0.54,BARRAS DE CEREAL YOGUR FRUTILLA 15X23GR,https://images.unsplash.com/photo-1542838132-92c53300491e?w=500&q=80,true,true,Hoja1
10109,BIZCOCHO AZUCARADO 1X180GRS GAONA,890.0,269,1,1,unidad,Almacén,Otros,General,General,bizcocho azucarado 1x180grs gaona|bizcocho azucarado 1x180grs gaona general,0.53,0.53,BIZCOCHO AZUCARADO 1X180GRS GAONA,https://images.unsplash.com/photo-1542838132-92c53300491e?w=500&q=80,true,true,Hoja1
10110,BIZCOCHO SALADO 1X180GRS GAONA,890.0,269,1,1,unidad,Almacén,Otros,General,General,bizcocho salado 1x180grs gaona|bizcocho salado 1x180grs gaona general,0.53,0.53,BIZCOCHO SALADO 1X180GRS GAONA,https://images.unsplash.com/photo-1542838132-92c53300491e?w=500&q=80,true,true,Hoja1
10030,BOLDO HURLINGHAM X25 SAQ. S/S,1010.0,269,25,1,unidad,Almacén,Otros,General,General,boldo hurlingham x25 saq ss|boldo hurlingham saq ss|boldo hurlingham saq ss general,0.53,0.53,BOLDO HURLINGHAM X25 SAQ. S/S,https://images.unsplash.com/photo-1542838132-92c53300491e?w=500&q=80,true,true,Hoja1
10165,CERVEZA PILSEN CONTI ZERO GRAU 6X473 ML,8460.0,269,6,1,unidad,Bebidas,Cervezas,Cerveza Rubia,Conti,cerveza pilsen conti zero grau 6x473 ml,0.53,0.53,CERVEZA PILSEN CONTI ZERO GRAU 6X473 ML,https://images.unsplash.com/photo-1532635241-17e820acf59f?w=500&q=80,true,true,Hoja1
10164,CERVEZA PILSEN SAMBA LATA 6X473ML,7250.0,264,6,1,unidad,Bebidas,Cervezas,Cerveza Rubia,Bebidas Generales,cerveza pilsen samba lata 6x473ml|cerveza pilsen samba lata 6x473ml bebidas generales,0.52,0.52,CERVEZA PILSEN SAMBA LATA 6X473ML,https://images.unsplash.com/photo-1532635241-17e820acf59f?w=500&q=80,true,true,Hoja1
10167,CERVEZA PURA MALTA SMITH 44 BOTELLA 24X330 ML,50320.0,264,24,1,unidad,Bebidas,Cervezas,Cerveza Rubia,Bebidas Generales,cerveza pura malta smith 44 botella 24x330 ml|cerveza pura malta smith 44 botella 24x330 ml bebidas generales,0.52,0.52,CERVEZA PURA MALTA SMITH 44 BOTELLA 24X330 ML,https://images.unsplash.com/photo-1532635241-17e820acf59f?w=500&q=80,true,true,Hoja1
10166,CERVEZA PURA MALTA SMITH 44 LATA 6X473 ML,11120.0,264,6,1,unidad,Bebidas,Cervezas,Cerveza Rubia,Bebidas Generales,cerveza pura malta smith 44 lata 6x473 ml|cerveza pura malta smith 44 lata 6x473 ml bebidas generales,0.52,0.52,CERVEZA PURA MALTA SMITH 44 LATA 6X473 ML,https://images.unsplash.com/photo-1532635241-17e820acf59f?w=500&q=80,true,true,Hoja1
457,CHIMICHURRI BASILIA 1 X 25GR,390.0,264,1,1,unidad,Almacén,Condimentos y Especias,Especias y Hierbas,Basilia,chimichurri basilia 1 x 25gr|chimichurri basilia 25gr,0.52,0.52,CHIMICHURRI BASILIA 1 X 25GR,https://images.unsplash.com/photo-1596040033229-a9821ebd058d?w=500&q=80,true,true,Hoja1
10111,CHIPS CHOCO BLANCO 1X230GRS GAONA,1450.0,264,1,1,unidad,Almacén,Otros,General,General,chips choco blanco 1x230grs gaona|chips choco blanco 1x230grs gaona general,0.52,0.52,CHIPS CHOCO BLANCO 1X230GRS GAONA,https://images.unsplash.com/photo-1542838132-92c53300491e?w=500&q=80,true,true,Hoja1
10112,CHIPS CHOCOLATE 1X230GRS GAONA,1450.0,259,1,1,unidad,Bebidas,Gaseosas,Gaseosa Cola,Bebidas Generales,chips chocolate 1x230grs gaona|chips chocolate 1x230grs gaona bebidas generales,0.51,0.51,CHIPS CHOCOLATE 1X230GRS GAONA,https://images.unsplash.com/photo-1622483767028-3f66f32aef97?w=500&q=80,true,true,Hoja1
10114,CHIPS COLORES 1X200GRS GAONA,1450.0,259,1,1,unidad,Almacén,Otros,General,General,chips colores 1x200grs gaona|chips colores 1x200grs gaona general,0.51,0.51,CHIPS COLORES 1X200GRS GAONA,https://images.unsplash.com/photo-1542838132-92c53300491e?w=500&q=80,true,true,Hoja1
10113,CHIPS DDL 1X200GRS GAONA,1450.0,259,1,1,unidad,Almacén,Otros,General,General,chips ddl 1x200grs gaona|chips ddl 1x200grs gaona general,0.51,0.51,CHIPS DDL 1X200GRS GAONA,https://images.unsplash.com/photo-1542838132-92c53300491e?w=500&q=80,true,true,Hoja1
10143,CHOCOLATADA CRUNCHIPS 1X150GR GAONA,1140.0,259,1,1,unidad,Bebidas,Gaseosas,Gaseosa Cola,Bebidas Generales,chocolatada crunchips 1x150gr gaona|chocolatada crunchips 1x150gr gaona bebidas generales,0.51,0.51,CHOCOLATADA CRUNCHIPS 1X150GR GAONA,https://images.unsplash.com/photo-1622483767028-3f66f32aef97?w=500&q=80,true,true,Hoja1
10145,CHOCOLATADA CRUNCHIPS 1X300 GR GAONA,2370.0,255,1,1,unidad,Bebidas,Gaseosas,Gaseosa Cola,Bebidas Generales,chocolatada crunchips 1x300 gr gaona|chocolatada crunchips 1x300 gr gaona bebidas generales,0.5,0.5,CHOCOLATADA CRUNCHIPS 1X300 GR GAONA,https://images.unsplash.com/photo-1622483767028-3f66f32aef97?w=500&q=80,true,true,Hoja1
299,CITRUS 3 lts. X 6 MANAOS,10800.0,431,6,1,unidad,Bebidas,Gaseosas,Gaseosas Sabores Varios,Manaos,citrus 3 lts x 6 manaos|citrus  manaos,0.86,0.89,CITRUS 3 lts. X 6 MANAOS,https://images.unsplash.com/photo-1622483767028-3f66f32aef97?w=500&q=80,true,true,Hoja1
10140,COLA 1.5 LTS X 6 MANAOS,7750.0,436,6,1,unidad,Bebidas,Gaseosas,Gaseosa Cola,Manaos,cola 15 lts x 6 manaos|cola 1 manaos,0.87,0.9,COLA 1.5 LTS X 6 MANAOS,https://images.unsplash.com/photo-1622483767028-3f66f32aef97?w=500&q=80,true,true,Hoja1
289,COLA 2.25 lts. X 6 MANAOS,11340.0,441,6,1,unidad,Bebidas,Gaseosas,Gaseosa Cola,Manaos,cola 225 lts x 6 manaos|cola 2 manaos,0.88,0.91,COLA 2.25 lts. X 6 MANAOS,https://images.unsplash.com/photo-1622483767028-3f66f32aef97?w=500&q=80,true,true,Hoja1
295,COLA 3 lts. X 6 MANAOS,10800.0,446,6,1,unidad,Bebidas,Gaseosas,Gaseosa Cola,Manaos,cola 3 lts x 6 manaos|cola  manaos,0.89,0.92,COLA 3 lts. X 6 MANAOS,https://images.unsplash.com/photo-1622483767028-3f66f32aef97?w=500&q=80,true,true,Hoja1
281,COLA 600ml X 12 MANAOS,9360.0,451,12,1,unidad,Bebidas,Gaseosas,Gaseosa Cola,Manaos,cola 600ml x 12 manaos|cola manaos,0.9,0.93,COLA 600ml X 12 MANAOS,https://images.unsplash.com/photo-1622483767028-3f66f32aef97?w=500&q=80,true,true,Hoja1
294,COLA S/AZUCAR 2.25 lts. X 6 MANAOS,11430.0,455,6,1,unidad,Bebidas,Gaseosas,Gaseosa Cola,Manaos,cola sazucar 225 lts x 6 manaos|cola sazucar 2 manaos,0.91,0.94,COLA S/AZUCAR 2.25 lts. X 6 MANAOS,https://images.unsplash.com/photo-1622483767028-3f66f32aef97?w=500&q=80,true,true,Hoja1
458,CONDIMENTO PARA PIZZA BASILIA 1 X 25GR,380.0,250,1,1,unidad,Almacén,Condimentos y Especias,Especias y Hierbas,Basilia,condimento para pizza basilia 1 x 25gr|condimento para pizza basilia 25gr,0.49,0.49,CONDIMENTO PARA PIZZA BASILIA 1 X 25GR,https://images.unsplash.com/photo-1596040033229-a9821ebd058d?w=500&q=80,true,true,Hoja1
464,CONITOS GALACTICOS 1X180GR OVNI,3680.0,411,1,1,unidad,Almacén,Snacks y Copetín,Snacks de Maíz y Extruidos,Ovni,conitos galacticos 1x180gr ovni,0.82,0.71,CONITOS GALACTICOS 1X180GR OVNI,https://images.unsplash.com/photo-1599490659213-e2b9527ec087?w=500&q=80,true,true,Hoja1
4,COPOS DE MAIZ AZUCARADOS 1X200 GR,1260.0,245,1,1,unidad,Almacén,Snacks y Copetín,Snacks de Maíz y Extruidos,Copetín,copos de maiz azucarados 1x200 gr|copos de maiz azucarados 1x200 gr copetin,0.48,0.48,COPOS DE MAIZ AZUCARADOS 1X200 GR,https://images.unsplash.com/photo-1599490659213-e2b9527ec087?w=500&q=80,true,true,Hoja1
5,COPOS DE MAIZ TRADICIONALES 1X150 GR,950.0,245,1,1,unidad,Almacén,Snacks y Copetín,Snacks de Maíz y Extruidos,Copetín,copos de maiz tradicionales 1x150 gr|copos de maiz tradicionales 1x150 gr copetin,0.48,0.48,COPOS DE MAIZ TRADICIONALES 1X150 GR,https://images.unsplash.com/photo-1599490659213-e2b9527ec087?w=500&q=80,true,true,Hoja1
10053,CRUNCHIPS 1X132GRS GAONA,1220.0,245,1,1,unidad,Almacén,Snacks y Copetín,Papas Fritas,Crunchips,crunchips 1x132grs gaona,0.48,0.48,CRUNCHIPS 1X132GRS GAONA,https://images.unsplash.com/photo-1599490659213-e2b9527ec087?w=500&q=80,true,true,Hoja1
10051,CRUNCHIPS COLORES 1X132GRS GAONA,1220.0,240,1,1,unidad,Almacén,Snacks y Copetín,Papas Fritas,Crunchips,crunchips colores 1x132grs gaona,0.47,0.47,CRUNCHIPS COLORES 1X132GRS GAONA,https://images.unsplash.com/photo-1599490659213-e2b9527ec087?w=500&q=80,true,true,Hoja1
10056,CRUNCHIPS COLORES POCKET 1X72GRS GAONA,560.0,240,1,1,unidad,Almacén,Snacks y Copetín,Papas Fritas,Crunchips,crunchips colores pocket 1x72grs gaona,0.47,0.47,CRUNCHIPS COLORES POCKET 1X72GRS GAONA,https://images.unsplash.com/photo-1599490659213-e2b9527ec087?w=500&q=80,true,true,Hoja1
10054,CRUNCHIPS DARK 1X132GRS GAONA,1220.0,240,1,1,unidad,Almacén,Snacks y Copetín,Papas Fritas,Crunchips,crunchips dark 1x132grs gaona,0.47,0.47,CRUNCHIPS DARK 1X132GRS GAONA,https://images.unsplash.com/photo-1599490659213-e2b9527ec087?w=500&q=80,true,true,Hoja1
10049,CRUNCHIPS DDL 1X132GRS GAONA,1220.0,240,1,1,unidad,Almacén,Snacks y Copetín,Papas Fritas,Crunchips,crunchips ddl 1x132grs gaona,0.47,0.47,CRUNCHIPS DDL 1X132GRS GAONA,https://images.unsplash.com/photo-1599490659213-e2b9527ec087?w=500&q=80,true,true,Hoja1
10052,CRUNCHIPS MANI 1X132GRS GAONA,1220.0,235,1,1,unidad,Almacén,Snacks y Copetín,Maní,Crunchips,crunchips mani 1x132grs gaona|mani salado|manies,0.46,0.46,CRUNCHIPS MANI 1X132GRS GAONA,https://images.unsplash.com/photo-1599490659213-e2b9527ec087?w=500&q=80,true,true,Hoja1
10048,CRUNCHIPS MINI 1X70GRS GAONA,700.0,235,1,1,unidad,Almacén,Snacks y Copetín,Papas Fritas,Crunchips,crunchips mini 1x70grs gaona,0.46,0.46,CRUNCHIPS MINI 1X70GRS GAONA,https://images.unsplash.com/photo-1599490659213-e2b9527ec087?w=500&q=80,true,true,Hoja1
10055,CRUNCHIPS POCKET 1X72GRS GAONA,560.0,235,1,1,unidad,Almacén,Snacks y Copetín,Papas Fritas,Crunchips,crunchips pocket 1x72grs gaona,0.46,0.46,GACRUNCHIPS POCKET 1X72GRS GAONA,https://images.unsplash.com/photo-1599490659213-e2b9527ec087?w=500&q=80,true,true,Hoja1
10075,CUBICUB BON 1X100GRS GAONA,950.0,235,1,1,unidad,Almacén,Otros,General,General,cubicub bon 1x100grs gaona|cubicub bon 1x100grs gaona general,0.46,0.46,CUBICUB BON 1X100GRS GAONA,https://images.unsplash.com/photo-1542838132-92c53300491e?w=500&q=80,true,true,Hoja1
10146,CUBICUB DOS CHOCOLATES 1X100 GR GAONA,950.0,230,1,1,unidad,Bebidas,Gaseosas,Gaseosa Cola,Bebidas Generales,cubicub dos chocolates 1x100 gr gaona|cubicub dos chocolates 1x100 gr gaona bebidas generales,0.45,0.45,CUBICUB DOS CHOCOLATES 1X100 GR GAONA,https://images.unsplash.com/photo-1622483767028-3f66f32aef97?w=500&q=80,true,true,Hoja1
10069,CUBICUB DUO FRUTILLA C/CREMA 1X100GRS GAONA,950.0,230,1,1,unidad,Almacén,Otros,General,General,cubicub duo frutilla ccrema 1x100grs gaona|cubicub duo frutilla ccrema 1x100grs gaona general,0.45,0.45,CUBICUB DUO FRUTILLA C/CREMA 1X100GRS GAONA,https://images.unsplash.com/photo-1542838132-92c53300491e?w=500&q=80,true,true,Hoja1
10070,CUBICUB FRUTILLA 1X100GRS GAONA,950.0,230,1,1,unidad,Almacén,Otros,General,General,cubicub frutilla 1x100grs gaona|cubicub frutilla 1x100grs gaona general,0.45,0.45,CUBICUB FRUTILLA 1X100GRS GAONA,https://images.unsplash.com/photo-1542838132-92c53300491e?w=500&q=80,true,true,Hoja1
10071,CUBICUB LEMON PIE 1X100GRS GAONA,950.0,230,1,1,unidad,Almacén,Otros,General,General,cubicub lemon pie 1x100grs gaona|cubicub lemon pie 1x100grs gaona general,0.45,0.45,CUBICUB LEMON PIE 1X100GRS GAONA,https://images.unsplash.com/photo-1542838132-92c53300491e?w=500&q=80,true,true,Hoja1
10072,CUBICUB ORIGINAL (AVELLANA) 1X100GRS GAONA,950.0,225,1,1,unidad,Almacén,Otros,General,General,cubicub original avellana 1x100grs gaona|cubicub original avellana 1x100grs gaona general,0.44,0.44,CUBICUB ORIGINAL (AVELLANA) 1X100GRS GAONA,https://images.unsplash.com/photo-1542838132-92c53300491e?w=500&q=80,true,true,Hoja1
10073,CUBICUB VAINILLA 1X100GRS GAONA,950.0,225,1,1,unidad,Almacén,Otros,General,General,cubicub vainilla 1x100grs gaona|cubicub vainilla 1x100grs gaona general,0.44,0.44,CUBICUB VAINILLA 1X100GRS GAONA,https://images.unsplash.com/photo-1542838132-92c53300491e?w=500&q=80,true,true,Hoja1
10074,CUBICUB VOLCAN DE CHOCOLATE 1X100GRS GAONA,950.0,225,1,1,unidad,Bebidas,Gaseosas,Gaseosa Cola,Bebidas Generales,cubicub volcan de chocolate 1x100grs gaona|cubicub volcan de chocolate 1x100grs gaona bebidas generales,0.44,0.44,CUBICUB VOLCAN DE CHOCOLATE 1X100GRS GAONA,https://images.unsplash.com/photo-1622483767028-3f66f32aef97?w=500&q=80,true,true,Hoja1
380,DURAZNO 1 LITRO PINDAPOY,14550.0,402,1,1,unidad,Bebidas,Jugos,Jugos Listos para Tomar,Pindapoy,durazno 1 litro pindapoy,0.8,0.7,DURAZNO 1 LITRO X8 PINDAPOY,https://images.unsplash.com/photo-1576092768241-dec231879fc3?w=500&q=80,true,true,Hoja1
379,DURAZNO 200 CC X18 PINDAPOY,9340.0,411,18,1,unidad,Bebidas,Jugos,Jugos Listos para Tomar,Pindapoy,durazno 200 cc x18 pindapoy|durazno pindapoy,0.82,0.71,DURAZNO 200 CC X18 PINDAPOY,https://images.unsplash.com/photo-1576092768241-dec231879fc3?w=500&q=80,true,true,Hoja1
10171,DURAZNOS EN MITADES BAHIA 820G,3200.0,220,1,1,unidad,Bebidas,Gaseosas,Gaseosas Sabores Varios,Bebidas Generales,duraznos en mitades bahia 820g|duraznos en mitades bahia|duraznos en mitades bahia bebidas generales,0.43,0.43,DURAZNOS EN MITADES BAHIA 820G,https://images.unsplash.com/photo-1622483767028-3f66f32aef97?w=500&q=80,true,true,Hoja1
323,F-NANDITO VII DOBLE 1 litro X6,6790.0,220,6,1,unidad,Almacén,Otros,General,General,fnandito vii doble 1 litro x6|fnandito vii doble 1 litro|fnandito vii doble 1 litro general,0.43,0.43,F-NANDITO VII DOBLE 1 litro X6,https://images.unsplash.com/photo-1542838132-92c53300491e?w=500&q=80,true,true,Hoja1
361,F-NANDITO VII SIMPLE 1 LITRO X6,6040.0,220,6,1,unidad,Almacén,Otros,General,General,fnandito vii simple 1 litro x6|fnandito vii simple 1 litro|fnandito vii simple 1 litro general,0.43,0.43,F-NANDITO VII SIMPLE 1 LITRO X6,https://images.unsplash.com/photo-1542838132-92c53300491e?w=500&q=80,true,true,Hoja1
395,GRANADINA 3 LTS X6 MANAOS,10800.0,436,6,1,unidad,Bebidas,Gaseosas,Gaseosas Sabores Varios,Manaos,granadina 3 lts x6 manaos|granadina manaos,0.87,0.9,GRANADINA 3 LTS X6 MANAOS,https://images.unsplash.com/photo-1622483767028-3f66f32aef97?w=500&q=80,true,true,Hoja1
302,GUARANA 3 lts. X 6 MANAOS,10800.0,441,6,1,unidad,Bebidas,Gaseosas,Gaseosas Sabores Varios,Manaos,guarana 3 lts x 6 manaos|guarana  manaos,0.88,0.91,GUARANA 3 lts. X 6 MANAOS,https://images.unsplash.com/photo-1622483767028-3f66f32aef97?w=500&q=80,true,true,Hoja1
3,LECHE CHOCOLATADA CRUNCHIP 18X200ML,16780.0,215,18,1,unidad,Bebidas,Gaseosas,Gaseosa Cola,Bebidas Generales,leche chocolatada crunchip 18x200ml|leche chocolatada crunchip 18x200ml bebidas generales,0.42,0.42,LECHE CHOCOLATADA CRUNCHIP 18X200ML,https://images.unsplash.com/photo-1622483767028-3f66f32aef97?w=500&q=80,true,true,Hoja1
10141,LIMA LIMON 1.5 LTS X 6 MANAOS,7750.0,451,6,1,unidad,Bebidas,Gaseosas,Gaseosa Limón,Manaos,lima limon 15 lts x 6 manaos|lima limon 1 manaos,0.9,0.93,LIMA LIMON 1.5 LTS X 6 MANAOS,https://images.unsplash.com/photo-1622483767028-3f66f32aef97?w=500&q=80,true,true,Hoja1
296,LIMA LIMON 3 LTS. X 6 MANAOS,10800.0,455,6,1,unidad,Bebidas,Gaseosas,Gaseosa Limón,Manaos,lima limon 3 lts x 6 manaos|lima limon  manaos,0.91,0.94,LIMA LIMON 3 LTS. X 6 MANAOS,https://images.unsplash.com/photo-1622483767028-3f66f32aef97?w=500&q=80,true,true,Hoja1
375,LIMON 3 LTS. X 6 MANAOS,10800.0,460,6,1,unidad,Bebidas,Gaseosas,Gaseosa Limón,Manaos,limon 3 lts x 6 manaos|limon  manaos,0.92,0.85,LIMON 3 LTS. X 6 MANAOS,https://images.unsplash.com/photo-1622483767028-3f66f32aef97?w=500&q=80,true,true,Hoja1
10169,LOMITO DE ATUN AL NATURAL BAHIA 170G,3040.0,411,1,1,unidad,Almacén,Aceites y Aderezos,Aderezos,Natura,lomito de atun al natural bahia 170g|lomito de atun al natural bahia,0.82,0.71,LOMITO DE ATUN AL NATURAL BAHIA 170G,https://images.unsplash.com/photo-1542838132-92c53300491e?w=500&q=80,true,true,Hoja1
10170,LOMITO DE ATUN EN ACEITE Y AGUA BAHIA 170G,3040.0,210,1,1,unidad,Bebidas,Aguas y Sodas,Agua sin Gas,Bebidas Generales,lomito de atun en aceite y agua bahia 170g|lomito de atun en aceite y agua bahia|lomito de atun en aceite y agua bahia bebidas generales|agua mineral|agua mineralizada,0.41,0.41,LOMITO DE ATUN EN ACEITE Y AGUA BAHIA 170G,https://images.unsplash.com/photo-1548839140-29a749e1cf4d?w=500&q=80,true,true,Hoja1
10097,MAGDALENA (CLASICA) VAINILLA 1X200GRS GAONA,1850.0,426,1,1,unidad,Almacén,Galletas y Panificados,Magdalenas y Budines,Gaona,magdalena clasica vainilla 1x200grs gaona|magdalenas|budincitos,0.85,0.88,MAGDALENA (CLASICA) VAINILLA 1X200GRS GAONA,https://images.unsplash.com/photo-1558961309-dbdf700068f7?w=500&q=80,true,true,Hoja1
10095,MAGDALENA BICOLOR 1X200GRS GAONA,1850.0,431,1,1,unidad,Almacén,Galletas y Panificados,Magdalenas y Budines,Gaona,magdalena bicolor 1x200grs gaona|magdalenas|budincitos,0.86,0.89,MAGDALENA BICOLOR 1X200GRS GAONA,https://images.unsplash.com/photo-1558961309-dbdf700068f7?w=500&q=80,true,true,Hoja1
10096,MAGDALENA CHOCO RELL. DDL 1X215GRS GAONA,1850.0,436,1,1,unidad,Almacén,Galletas y Panificados,Magdalenas y Budines,Gaona,magdalena choco rell ddl 1x215grs gaona|magdalenas|budincitos,0.87,0.9,MAGDALENA CHOCO RELL. DDL 1X215GRS GAONA,https://images.unsplash.com/photo-1558961309-dbdf700068f7?w=500&q=80,true,true,Hoja1
10098,MAGDALENA COCO RELL. DDL 1X215GRS GAONA,1850.0,441,1,1,unidad,Almacén,Galletas y Panificados,Magdalenas y Budines,Gaona,magdalena coco rell ddl 1x215grs gaona|magdalenas|budincitos,0.88,0.91,MAGDALENA COCO RELL. DDL 1X215GRS GAONA,https://images.unsplash.com/photo-1558961309-dbdf700068f7?w=500&q=80,true,true,Hoja1
10099,MAGDALENA FIESTA CHOCO 1X200GRS GAONA,1850.0,446,1,1,unidad,Almacén,Galletas y Panificados,Magdalenas y Budines,Gaona,magdalena fiesta choco 1x200grs gaona|magdalenas|budincitos,0.89,0.92,MAGDALENA FIESTA CHOCO 1X200GRS GAONA,https://images.unsplash.com/photo-1558961309-dbdf700068f7?w=500&q=80,true,true,Hoja1
10100,MAGDALENA FIESTA VAINILLA 1X200GRS GAONA,1850.0,451,1,1,unidad,Almacén,Galletas y Panificados,Magdalenas y Budines,Gaona,magdalena fiesta vainilla 1x200grs gaona|magdalenas|budincitos,0.9,0.93,MAGDALENA FIESTA VAINILLA 1X200GRS GAONA,https://images.unsplash.com/photo-1558961309-dbdf700068f7?w=500&q=80,true,true,Hoja1
10101,MAGDALENA LIMON 1X200GRS GAONA,1850.0,201,1,1,unidad,Bebidas,Gaseosas,Gaseosa Limón,Bebidas Generales,magdalena limon 1x200grs gaona|magdalena limon 1x200grs gaona bebidas generales|magdalenas|budincitos,0.39,0.39,MAGDALENA LIMON 1X200GRS GAONA,https://images.unsplash.com/photo-1622483767028-3f66f32aef97?w=500&q=80,true,true,Hoja1
10103,MAGDALENA NARANJA C/CHIPS 1X180GRS GAONA,1850.0,201,1,1,unidad,Bebidas,Gaseosas,Gaseosa Naranja,Bebidas Generales,magdalena naranja cchips 1x180grs gaona|magdalena naranja cchips 1x180grs gaona bebidas generales|magdalenas|budincitos,0.39,0.39,MAGDALENA NARANJA C/CHIPS 1X180GRS GAONA,https://images.unsplash.com/photo-1622483767028-3f66f32aef97?w=500&q=80,true,true,Hoja1
10102,MAGDALENA RELL. FRUTILLA 1X215GRS GAONA,1850.0,465,1,1,unidad,Almacén,Galletas y Panificados,Magdalenas y Budines,Gaona,magdalena rell frutilla 1x215grs gaona|magdalenas|budincitos,0.93,0.86,MAGDALENA RELL. FRUTILLA 1X215GRS GAONA,https://images.unsplash.com/photo-1558961309-dbdf700068f7?w=500&q=80,true,true,Hoja1
10104,MAGDALENA VAINILLA C/CHIPS 1X180GRS GAONA,1850.0,470,1,1,unidad,Almacén,Galletas y Panificados,Magdalenas y Budines,Gaona,magdalena vainilla cchips 1x180grs gaona|magdalenas|budincitos,0.94,0.87,MAGDALENA VAINILLA C/CHIPS 1X180GRS GAONA,https://images.unsplash.com/photo-1558961309-dbdf700068f7?w=500&q=80,true,true,Hoja1
10106,MAGDALENA VAINILLA RELL. CHOCOLATE 1X200GRS GAONA,1850.0,196,1,1,unidad,Bebidas,Gaseosas,Gaseosa Cola,Bebidas Generales,magdalena vainilla rell chocolate 1x200grs gaona|magdalena vainilla rell chocolate 1x200grs gaona bebidas generales|magdalenas|budincitos,0.38,0.38,MAGDALENA VAINILLA RELL. CHOCOLATE 1X200GRS GAONA,https://images.unsplash.com/photo-1622483767028-3f66f32aef97?w=500&q=80,true,true,Hoja1
10105,MAGDALENA VAINILLA RELL. DDL 1X200GRS GAONA,1850.0,431,1,1,unidad,Almacén,Galletas y Panificados,Magdalenas y Budines,Gaona,magdalena vainilla rell ddl 1x200grs gaona|magdalenas|budincitos,0.86,0.89,MAGDALENA VAINILLA RELL. DDL 1X200GRS GAONA,https://images.unsplash.com/photo-1558961309-dbdf700068f7?w=500&q=80,true,true,Hoja1
433,MAIZ INFLADO / TUTUCA 5X200G OVNI,6790.0,367,5,1,unidad,Almacén,Snacks y Copetín,Snacks de Maíz y Extruidos,Ovni,maiz inflado  tutuca 5x200g ovni,0.73,0.77,MAIZ INFLADO / TUTUCA 5X 200G,https://images.unsplash.com/photo-1599490659213-e2b9527ec087?w=500&q=80,true,true,Hoja1
437,MAIZ INFLADO / TUTUCA 5X50G OVNI,2300.0,372,5,1,unidad,Almacén,Snacks y Copetín,Snacks de Maíz y Extruidos,Ovni,maiz inflado  tutuca 5x50g ovni,0.74,0.79,MAIZ INFLADO / TUTUCA 5X 50G,https://images.unsplash.com/photo-1599490659213-e2b9527ec087?w=500&q=80,true,true,Hoja1
10040,MANAOS LATA COLA X6 UNIDADES,5660.0,446,6,1,unidad,Bebidas,Gaseosas,Gaseosa Cola,Manaos,manaos lata cola x6 unidades|manaos lata cola unidades,0.89,0.92,MANAOS LATA COLA X6 UNIDADES,https://images.unsplash.com/photo-1622483767028-3f66f32aef97?w=500&q=80,true,true,Hoja1
10041,MANAOS LATA LIMA X6 UNIDADES,5660.0,451,6,1,unidad,Bebidas,Gaseosas,Gaseosas Sabores Varios,Manaos,manaos lata lima x6 unidades|manaos lata lima unidades,0.9,0.93,MANAOS LATA LIMA X6 UNIDADES,https://images.unsplash.com/photo-1622483767028-3f66f32aef97?w=500&q=80,true,true,Hoja1
10042,MANAOS LATA NARANJA X6 UNIDADES,5660.0,455,6,1,unidad,Bebidas,Gaseosas,Gaseosa Naranja,Manaos,manaos lata naranja x6 unidades|manaos lata naranja unidades,0.91,0.94,MANAOS LATA NARANJA X6 UNIDADES,https://images.unsplash.com/photo-1622483767028-3f66f32aef97?w=500&q=80,true,true,Hoja1
10043,MANAOS LATA POMELO X6 UNIDADES,5660.0,460,6,1,unidad,Bebidas,Gaseosas,Gaseosa Pomelo,Manaos,manaos lata pomelo x6 unidades|manaos lata pomelo unidades,0.92,0.85,MANAOS LATA POMELO X6 UNIDADES,https://images.unsplash.com/photo-1622483767028-3f66f32aef97?w=500&q=80,true,true,Hoja1
10044,MANAOS LATA TÓNICA X6 UNIDADES,5660.0,465,6,1,unidad,Bebidas,Gaseosas,Gaseosas Sabores Varios,Manaos,manaos lata tonica x6 unidades|manaos lata tonica unidades,0.93,0.86,MANAOS LATA TÓNICA X6 UNIDADES,https://images.unsplash.com/photo-1622483767028-3f66f32aef97?w=500&q=80,true,true,Hoja1
435,MANI SALADO 5X160G OVNI,5790.0,416,5,1,unidad,Almacén,Snacks y Copetín,Maní,Ovni,mani salado 5x160g ovni|mani salado|manies,0.83,0.73,MANI SALADO 5X 160G,https://images.unsplash.com/photo-1599490659213-e2b9527ec087?w=500&q=80,true,true,Hoja1
10118,MANTECADITAS 1X220GRS GAONA,1330.0,186,1,1,unidad,Almacén,Otros,General,General,mantecaditas 1x220grs gaona|mantecaditas 1x220grs gaona general,0.36,0.36,MANTECADITAS 1X220GRS GAONA,https://images.unsplash.com/photo-1542838132-92c53300491e?w=500&q=80,true,true,Hoja1
321,MANZANA 1 LITRO PINDAPOY,14550.0,357,1,1,unidad,Bebidas,Jugos,Jugos Listos para Tomar,Pindapoy,manzana 1 litro pindapoy,0.71,0.76,MANZANA 1 LITRO PINDA POY,https://images.unsplash.com/photo-1576092768241-dec231879fc3?w=500&q=80,true,true,Hoja1
311,MANZANA 1.5 lts. X6 PLACER,7480.0,181,6,1,unidad,Bebidas,Gaseosas,Gaseosas Sabores Varios,Placer,manzana 15 lts x6 placer|manzana 1 placer,0.35,0.35,MANZANA 1.5 lts. X6 PLACER,https://images.unsplash.com/photo-1622483767028-3f66f32aef97?w=500&q=80,true,true,Hoja1
293,MANZANA 2.25 LTS. X 6 MANAOS,8730.0,441,6,1,unidad,Bebidas,Gaseosas,Gaseosas Sabores Varios,Manaos,manzana 225 lts x 6 manaos|manzana 2 manaos,0.88,0.91,MANZANA 2.25 LTS. X 6 MANAOS,https://images.unsplash.com/photo-1622483767028-3f66f32aef97?w=500&q=80,true,true,Hoja1
345,MANZANA 200 CC X18 PINDAPOY,9340.0,382,18,1,unidad,Bebidas,Jugos,Jugos Listos para Tomar,Pindapoy,manzana 200 cc x18 pindapoy|manzana pindapoy,0.76,0.8,MANZANA 200 CC X18 PINDAPOY,https://images.unsplash.com/photo-1576092768241-dec231879fc3?w=500&q=80,true,true,Hoja1
300,MANZANA 3 lts. X 6 MANAOS,10800.0,451,6,1,unidad,Bebidas,Gaseosas,Gaseosas Sabores Varios,Manaos,manzana 3 lts x 6 manaos|manzana  manaos,0.9,0.93,MANZANA 3 lts. X 6 MANAOS,https://images.unsplash.com/photo-1622483767028-3f66f32aef97?w=500&q=80,true,true,Hoja1
305,MANZANA 500ml X12 PLACER,7870.0,176,12,1,unidad,Bebidas,Gaseosas,Gaseosas Sabores Varios,Placer,manzana 500ml x12 placer|manzana placer,0.34,0.34,MANZANA 500ml X12 PLACER,https://images.unsplash.com/photo-1622483767028-3f66f32aef97?w=500&q=80,true,true,Hoja1
10031,MANZANILLA HURLINGHAM X25 SAQ. S/S,700.0,176,25,1,unidad,Almacén,Otros,General,General,manzanilla hurlingham x25 saq ss|manzanilla hurlingham saq ss|manzanilla hurlingham saq ss general,0.34,0.34,MANZANILLA HURLINGHAM X25 SAQ. S/S,https://images.unsplash.com/photo-1542838132-92c53300491e?w=500&q=80,true,true,Hoja1
10119,MASITA COCO 1X220GRS GAONA,1330.0,176,1,1,unidad,Almacén,Otros,General,General,masita coco 1x220grs gaona|masita coco 1x220grs gaona general,0.34,0.34,MASITA COCO 1X220GRS GAONA,https://images.unsplash.com/photo-1542838132-92c53300491e?w=500&q=80,true,true,Hoja1
10120,MASITA LIMON 1X220GRS GAONA,1330.0,176,1,1,unidad,Bebidas,Gaseosas,Gaseosa Limón,Bebidas Generales,masita limon 1x220grs gaona|masita limon 1x220grs gaona bebidas generales,0.34,0.34,MASITA LIMON 1X220GRS GAONA,https://images.unsplash.com/photo-1622483767028-3f66f32aef97?w=500&q=80,true,true,Hoja1
10121,MASITA VAINILLA 1X220GRS GAONA,1330.0,171,1,1,unidad,Almacén,Otros,General,General,masita vainilla 1x220grs gaona|masita vainilla 1x220grs gaona general,0.33,0.33,MASITA VAINILLA 1X220GRS GAONA,https://images.unsplash.com/photo-1542838132-92c53300491e?w=500&q=80,true,true,Hoja1
10147,MAYONESA NATURA 12X250GR,16670.0,357,12,1,unidad,Almacén,Aceites y Aderezos,Aderezos,Natura,mayonesa natura 12x250gr,0.71,0.76,MAYONESA NATURA 12X250GR,https://images.unsplash.com/photo-1542838132-92c53300491e?w=500&q=80,true,true,Hoja1
10009,MAYONESA NATURA 20X125GR,15500.0,367,20,1,unidad,Almacén,Aceites y Aderezos,Aderezos,Natura,mayonesa natura 20x125gr,0.73,0.77,MAYONESA NATURA 20X125GR,https://images.unsplash.com/photo-1542838132-92c53300491e?w=500&q=80,true,true,Hoja1
10032,MEZC. HIERBAS HURLINGHAM X25 SAQ. S/S,760.0,171,25,1,unidad,Almacén,Otros,General,General,mezc hierbas hurlingham x25 saq ss|mezc hierbas hurlingham saq ss|mezc hierbas hurlingham saq ss general,0.33,0.33,MEZC. HIERBAS HURLINGHAM X25 SAQ. S/S,https://images.unsplash.com/photo-1542838132-92c53300491e?w=500&q=80,true,true,Hoja1
10108,MINI BUDIN VAINILLA C/DDL 1X180GRS GAONA,1850.0,446,1,1,unidad,Almacén,Galletas y Panificados,Magdalenas y Budines,Gaona,mini budin vainilla cddl 1x180grs gaona,0.89,0.92,MINI BUDIN VAINILLA C/DDL 1X180GRS GAONA,https://images.unsplash.com/photo-1558961309-dbdf700068f7?w=500&q=80,true,true,Hoja1
10107,MINI BUDINES VAINILLA 1X180GRS GAONA,1850.0,451,1,1,unidad,Almacén,Galletas y Panificados,Magdalenas y Budines,Gaona,mini budines vainilla 1x180grs gaona,0.9,0.93,MINI BUDINES VAINILLA 1X180GRS GAONA,https://images.unsplash.com/photo-1558961309-dbdf700068f7?w=500&q=80,true,true,Hoja1
322,MULTIFRUTA 1 LITRO X8 PINDAPOY,14550.0,397,8,1,unidad,Bebidas,Jugos,Jugos Listos para Tomar,Pindapoy,multifruta 1 litro x8 pindapoy|multifruta 1 litro pindapoy,0.79,0.83,MULTIFRUTA 1 litro X8 PINDA POY,https://images.unsplash.com/photo-1576092768241-dec231879fc3?w=500&q=80,true,true,Hoja1
314,MULTIFRUTA 1.5 lts. X6 PLACER,7480.0,166,6,1,unidad,Bebidas,Gaseosas,Gaseosas Sabores Varios,Placer,multifruta 15 lts x6 placer|multifruta 1 placer,0.32,0.32,MULTIFRUTA 1.5 lts. X6 PLACER,https://images.unsplash.com/photo-1622483767028-3f66f32aef97?w=500&q=80,true,true,Hoja1
346,MULTIFRUTA 200 CC X18 PINDAPOY,9340.0,411,18,1,unidad,Bebidas,Jugos,Jugos Listos para Tomar,Pindapoy,multifruta 200 cc x18 pindapoy|multifruta pindapoy,0.82,0.71,MULTIFRUTA 200 CC X18 PINDAPOY,https://images.unsplash.com/photo-1576092768241-dec231879fc3?w=500&q=80,true,true,Hoja1
308,MULTIFRUTA 500ml X12 PLACER,7870.0,161,12,1,unidad,Bebidas,Gaseosas,Gaseosas Sabores Varios,Placer,multifruta 500ml x12 placer|multifruta placer,0.31,0.31,MULTIFRUTA 500ml X12 PLACER,https://images.unsplash.com/photo-1622483767028-3f66f32aef97?w=500&q=80,true,true,Hoja1
320,NARANJA 1 LITRO X8 PINDAPOY,14550.0,353,8,1,unidad,Bebidas,Jugos,Jugos Listos para Tomar,Pindapoy,naranja 1 litro x8 pindapoy|naranja 1 litro pindapoy,0.7,0.74,NARANJA 1 LITRO X8 PINDAPOY,https://images.unsplash.com/photo-1576092768241-dec231879fc3?w=500&q=80,true,true,Hoja1
10142,NARANJA 1.5 LTS X 6 MANAOS,7750.0,431,6,1,unidad,Bebidas,Gaseosas,Gaseosa Naranja,Manaos,naranja 15 lts x 6 manaos|naranja 1 manaos,0.86,0.89,NARANJA 1.5 LTS X 6 MANAOS,https://images.unsplash.com/photo-1622483767028-3f66f32aef97?w=500&q=80,true,true,Hoja1
309,NARANJA 1.5 lts. X6 PLACER,7480.0,157,6,1,unidad,Bebidas,Gaseosas,Gaseosa Naranja,Placer,naranja 15 lts x6 placer|naranja 1 placer,0.3,0.3,NARANJA 1.5 lts. X6 PLACER,https://images.unsplash.com/photo-1622483767028-3f66f32aef97?w=500&q=80,true,true,Hoja1
347,NARANJA 200 CC X18 PINDAPOY,9340.0,372,18,1,unidad,Bebidas,Jugos,Jugos Listos para Tomar,Pindapoy,naranja 200 cc x18 pindapoy|naranja pindapoy,0.74,0.79,NARANJA 200 CC X18 PINDAPOY,https://images.unsplash.com/photo-1576092768241-dec231879fc3?w=500&q=80,true,true,Hoja1
297,NARANJA 3 lts. X 6 MANAOS,10800.0,446,6,1,unidad,Bebidas,Gaseosas,Gaseosa Naranja,Manaos,naranja 3 lts x 6 manaos|naranja  manaos,0.89,0.92,NARANJA 3 lts. X 6 MANAOS,https://images.unsplash.com/photo-1622483767028-3f66f32aef97?w=500&q=80,true,true,Hoja1
303,NARANJA 500ml X12 PLACER,7870.0,157,12,1,unidad,Bebidas,Gaseosas,Gaseosa Naranja,Placer,naranja 500ml x12 placer|naranja placer,0.3,0.3,NARANJA 500ml X12 PLACER,https://images.unsplash.com/photo-1622483767028-3f66f32aef97?w=500&q=80,true,true,Hoja1
283,NARANJA 600ml X 12 MANAOS,9360.0,455,12,1,unidad,Bebidas,Gaseosas,Gaseosa Naranja,Manaos,naranja 600ml x 12 manaos|naranja manaos,0.91,0.94,NARANJA 600ml X 12 MANAOS,https://images.unsplash.com/photo-1622483767028-3f66f32aef97?w=500&q=80,true,true,Hoja1
337,NARANJA-DURAZNO S/ AZUCAR 2.25 LTS. X 6 MANAOS,11430.0,460,6,1,unidad,Bebidas,Gaseosas,Gaseosa Naranja,Manaos,naranjadurazno s azucar 225 lts x 6 manaos|naranjadurazno s azucar 2 manaos,0.92,0.85,NARANJA-DURAZNO S/AZUCAR 2.25 LTS. X 6 MANAOS,https://images.unsplash.com/photo-1622483767028-3f66f32aef97?w=500&q=80,true,true,Hoja1
459,OREGANO BASILIA 1 X 25 GR,370.0,152,25,1,unidad,Almacén,Condimentos y Especias,Especias y Hierbas,Basilia,oregano basilia 1 x 25 gr|oregano basilia 25 gr,0.29,0.29,OREGANO BASILIA 1 X 25 GR,https://images.unsplash.com/photo-1596040033229-a9821ebd058d?w=500&q=80,true,true,Hoja1
432,PALITOS DE MAIZ (AMARILLO) 5X120G OVNI,4120.0,416,5,1,unidad,Almacén,Snacks y Copetín,Snacks de Maíz y Extruidos,Ovni,palitos de maiz amarillo 5x120g ovni,0.83,0.73,PALITOS DE MAIZ (AMARILLO)5 X120G,https://images.unsplash.com/photo-1599490659213-e2b9527ec087?w=500&q=80,true,true,Hoja1
13,PALITOS DE MAIZ (AMARILLOS) X1KG OVNI,4200.0,353,1,1,unidad,Almacén,Snacks y Copetín,Snacks de Maíz y Extruidos,Ovni,palitos de maiz amarillos x1kg ovni,0.7,0.74,PALITOS DE MAIZ (AMARILLOS) X1KG OVNI,https://images.unsplash.com/photo-1599490659213-e2b9527ec087?w=500&q=80,true,true,Hoja1
17,PALITOS DE MAIZ (AMARILLOS) X500GR OVNI,2300.0,357,1,1,unidad,Almacén,Snacks y Copetín,Snacks de Maíz y Extruidos,Ovni,palitos de maiz amarillos x500gr ovni,0.71,0.76,PALITOS DE MAIZ (AMARILLOS) X500GR OVNI,https://images.unsplash.com/photo-1599490659213-e2b9527ec087?w=500&q=80,true,true,Hoja1
430,PALITOS DE MAIZ (NARANJA) 5X120G OVNI,4120.0,147,5,1,unidad,Bebidas,Gaseosas,Gaseosa Naranja,Bebidas Generales,palitos de maiz naranja 5x120g ovni|palitos de maiz naranja 5x120g ovni bebidas generales,0.28,0.28,PALITOS DE MAIZ (NARANJA) 5X120G OVNI,https://images.unsplash.com/photo-1622483767028-3f66f32aef97?w=500&q=80,true,true,Hoja1
431,PALITOS DE MAIZ (NARANJA) 5X50G OVNI,1990.0,147,5,1,unidad,Bebidas,Gaseosas,Gaseosa Naranja,Bebidas Generales,palitos de maiz naranja 5x50g ovni|palitos de maiz naranja 5x50g ovni bebidas generales,0.28,0.28,PALITOS DE MAIZ (NARANJA) 5X 50G,https://images.unsplash.com/photo-1622483767028-3f66f32aef97?w=500&q=80,true,true,Hoja1
453,PALITOS GALÁCTICO 1X150G OVNI,1630.0,382,1,1,unidad,Almacén,Snacks y Copetín,Snacks de Maíz y Extruidos,Ovni,palitos galactico 1x150g ovni,0.76,0.8,PALITOS GALÁCTICO SABOR QUESO 1X150G OVNI,https://images.unsplash.com/photo-1599490659213-e2b9527ec087?w=500&q=80,true,true,Hoja1
436,PALITOS SALADO 5X150G OVNI,5720.0,387,5,1,unidad,Almacén,Snacks y Copetín,Snacks de Maíz y Extruidos,Ovni,palitos salado 5x150g ovni,0.77,0.82,PALITOS SALADO 5X 150G,https://images.unsplash.com/photo-1599490659213-e2b9527ec087?w=500&q=80,true,true,Hoja1
10122,PALMERITAS 1X200GRS GAONA,2420.0,142,1,1,unidad,Almacén,Otros,General,General,palmeritas 1x200grs gaona|palmeritas 1x200grs gaona general,0.27,0.27,PALMERITAS 1X200GRS GAONA,https://images.unsplash.com/photo-1542838132-92c53300491e?w=500&q=80,true,true,Hoja1
440,PAPAS FRITAS 5X90G OVNI,8070.0,402,5,1,unidad,Almacén,Snacks y Copetín,Papas Fritas,Ovni,papas fritas 5x90g ovni,0.8,0.7,PAPAS FRITAS 5X 90G,https://images.unsplash.com/photo-1599490659213-e2b9527ec087?w=500&q=80,true,true,Hoja1
213,PAPAS FRITAS GALACTICAS 1X90 GR,1970.0,142,1,1,unidad,Almacén,Snacks y Copetín,Papas Fritas,Copetín,papas fritas galacticas 1x90 gr|papas fritas galacticas 1x90 gr copetin,0.27,0.27,PAPAS FRITAS GALACTICAS 1X90 GR,https://images.unsplash.com/photo-1599490659213-e2b9527ec087?w=500&q=80,true,true,Hoja1
441,PELOTITAS DE MAIZ 5X50G OVNI,1990.0,416,5,1,unidad,Almacén,Snacks y Copetín,Snacks de Maíz y Extruidos,Ovni,pelotitas de maiz 5x50g ovni,0.83,0.73,PELOTITAS DE MAIZ 5X50G,https://images.unsplash.com/photo-1599490659213-e2b9527ec087?w=500&q=80,true,true,Hoja1
10125,PEPA 1X180GRS GAONA,970.0,137,1,1,unidad,Almacén,Otros,General,General,pepa 1x180grs gaona|pepa 1x180grs gaona general,0.26,0.26,PEPA 1X180GRS GAONA,https://images.unsplash.com/photo-1542838132-92c53300491e?w=500&q=80,true,true,Hoja1
10124,PEPA 1X300GRS GAONA,1450.0,137,1,1,unidad,Almacén,Otros,General,General,pepa 1x300grs gaona|pepa 1x300grs gaona general,0.26,0.26,PEPA 1X300GRS GAONA,https://images.unsplash.com/photo-1542838132-92c53300491e?w=500&q=80,true,true,Hoja1
10123,PEPA BATATA 1X300GRS GAONA,1450.0,137,1,1,unidad,Almacén,Otros,General,General,pepa batata 1x300grs gaona|pepa batata 1x300grs gaona general,0.26,0.26,PEPA BATATA 1X300GRS GAONA,https://images.unsplash.com/photo-1542838132-92c53300491e?w=500&q=80,true,true,Hoja1
312,PERA 1.5 lts. X6 PLACER,7480.0,132,6,1,unidad,Bebidas,Gaseosas,Gaseosas Sabores Varios,Placer,pera 15 lts x6 placer|pera 1 placer,0.25,0.25,PERA 1.5 lts. X6 PLACER,https://images.unsplash.com/photo-1622483767028-3f66f32aef97?w=500&q=80,true,true,Hoja1
306,PERA 500ml X12 PLACER,7870.0,132,12,1,unidad,Bebidas,Gaseosas,Gaseosas Sabores Varios,Placer,pera 500ml x12 placer|pera placer,0.25,0.25,PERA 500ml X12 PLACER,https://images.unsplash.com/photo-1622483767028-3f66f32aef97?w=500&q=80,true,true,Hoja1
461,PIMENTON BASILIA 1 X 25GR,430.0,132,1,1,unidad,Almacén,Condimentos y Especias,Especias y Hierbas,Basilia,pimenton basilia 1 x 25gr|pimenton basilia 25gr,0.25,0.25,PIMENTON BASILIA 1 X 25GR,https://images.unsplash.com/photo-1596040033229-a9821ebd058d?w=500&q=80,true,true,Hoja1
460,PIMIENTA NEGRA MOLIDA BASILIA 1 X 25 GR,550.0,132,25,1,unidad,Almacén,Condimentos y Especias,Especias y Hierbas,Basilia,pimienta negra molida basilia 1 x 25 gr|pimienta negra molida basilia 25 gr,0.25,0.25,PIMIENTA NEGRA MOLIDA BASILIA 1 X 25 GR,https://images.unsplash.com/photo-1596040033229-a9821ebd058d?w=500&q=80,true,true,Hoja1
469,PIZZETAS GALÁCTICAS X 100GR OVNI,1370.0,402,1,1,unidad,Almacén,Snacks y Copetín,Snacks de Maíz y Extruidos,Ovni,pizzetas galacticas x 100gr ovni,0.8,0.7,PIZZETAS GALÁCTICAS5X100GR OVNI,https://images.unsplash.com/photo-1599490659213-e2b9527ec087?w=500&q=80,true,true,Hoja1
310,POMELO 1.5 lts. X6 PLACER,7480.0,127,6,1,unidad,Bebidas,Gaseosas,Gaseosa Pomelo,Placer,pomelo 15 lts x6 placer|pomelo 1 placer,0.24,0.24,POMELO 1.5 lts. X6 PLACER,https://images.unsplash.com/photo-1622483767028-3f66f32aef97?w=500&q=80,true,true,Hoja1
304,POMELO 500ml X12 PLACER,7870.0,127,12,1,unidad,Bebidas,Gaseosas,Gaseosa Pomelo,Placer,pomelo 500ml x12 placer|pomelo placer,0.24,0.24,POMELO 500ml X12 PLACER,https://images.unsplash.com/photo-1622483767028-3f66f32aef97?w=500&q=80,true,true,Hoja1
10139,POMELO BLANCO 1.5LTS X 6 MANAOS,7750.0,426,6,1,unidad,Bebidas,Gaseosas,Gaseosa Pomelo,Manaos,pomelo blanco 15lts x 6 manaos|pomelo blanco 1 manaos,0.85,0.88,POMELO BLANCO 1.5 LTS X 6 MANAOS,https://images.unsplash.com/photo-1622483767028-3f66f32aef97?w=500&q=80,true,true,Hoja1
292,POMELO BLANCO 2.25 LTS. X 6 MANAOS,8730.0,431,6,1,unidad,Bebidas,Gaseosas,Gaseosa Pomelo,Manaos,pomelo blanco 225 lts x 6 manaos|pomelo blanco 2 manaos,0.86,0.89,POMELO BLANCO 2.25 LTS. X 6 MANAOS,https://images.unsplash.com/photo-1622483767028-3f66f32aef97?w=500&q=80,true,true,Hoja1
301,POMELO BLANCO 3 lts. X 6 MANAOS,10800.0,436,6,1,unidad,Bebidas,Gaseosas,Gaseosa Pomelo,Manaos,pomelo blanco 3 lts x 6 manaos|pomelo blanco  manaos,0.87,0.9,POMELO BLANCO 3 lts. X 6 MANAOS,https://images.unsplash.com/photo-1622483767028-3f66f32aef97?w=500&q=80,true,true,Hoja1
284,POMELO BLANCO 600ml X 12 MANAOS,9360.0,441,12,1,unidad,Bebidas,Gaseosas,Gaseosa Pomelo,Manaos,pomelo blanco 600ml x 12 manaos|pomelo blanco manaos,0.88,0.91,POMELO BLANCO 600ml X 12 MANAOS,https://images.unsplash.com/photo-1622483767028-3f66f32aef97?w=500&q=80,true,true,Hoja1
10047,POMELO ROSADO 1.5 LTS X6 PLACER,7480.0,122,6,1,unidad,Bebidas,Gaseosas,Gaseosa Pomelo,Placer,pomelo rosado 15 lts x6 placer|pomelo rosado 1 placer,0.23,0.23,POMELO ROSADO 1.5 LTS X6 PLACER,https://images.unsplash.com/photo-1622483767028-3f66f32aef97?w=500&q=80,true,true,Hoja1
338,POMELO ROSADO 2.25 LTS. X 6 MANAOS,11340.0,451,6,1,unidad,Bebidas,Gaseosas,Gaseosa Pomelo,Manaos,pomelo rosado 225 lts x 6 manaos|pomelo rosado 2 manaos,0.9,0.93,POMELO ROSADO 2.25 LTS. X 6 MANAOS,https://images.unsplash.com/photo-1622483767028-3f66f32aef97?w=500&q=80,true,true,Hoja1
10160,POMELO ROSADO 500 ML PLACER,7870.0,117,1,1,unidad,Bebidas,Gaseosas,Gaseosa Pomelo,Placer,pomelo rosado 500 ml placer|pomelo rosado placer,0.22,0.22,POMELO ROSADO 500 ML PLACER,https://images.unsplash.com/photo-1622483767028-3f66f32aef97?w=500&q=80,true,true,Hoja1
226,Productos varios,7665.84,117,1,1,unidad,Almacén,Otros,General,General,productos varios|productos varios general,0.22,0.22,Productos varios,https://images.unsplash.com/photo-1542838132-92c53300491e?w=500&q=80,true,true,Hoja1
462,PROVENZAL BASILIA 1X25 GR,470.0,117,25,1,unidad,Almacén,Condimentos y Especias,Especias y Hierbas,Basilia,provenzal basilia 1x25 gr,0.22,0.22,PROVENZAL BASILIA 1X25 GR,https://images.unsplash.com/photo-1596040033229-a9821ebd058d?w=500&q=80,true,true,Hoja1
210,QUESITOS GALACTICOS 1X65GR,970.0,112,1,1,unidad,Almacén,Otros,General,General,quesitos galacticos 1x65gr|quesitos galacticos 1x65gr general,0.21,0.21,QUESITOS GALACTICOS 1X65GR,https://images.unsplash.com/photo-1542838132-92c53300491e?w=500&q=80,true,true,Hoja1
10126,RECREO SURTIDO 1X300 GRS GAONA,1590.0,112,1,1,unidad,Almacén,Otros,General,General,recreo surtido 1x300 grs gaona|recreo surtido 1x300 grs gaona general,0.21,0.21,RECREO SURTIDO 1X300 GRS GAONA,https://images.unsplash.com/photo-1542838132-92c53300491e?w=500&q=80,true,true,Hoja1
10062,SABORES DE LA VIDA AVENA/CACAO/MIEL 1X160GRS GAONA,1220.0,431,1,1,unidad,Almacén,Galletas y Panificados,Galletitas Dulces,Gaona,sabores de la vida avenacacaomiel 1x160grs gaona,0.86,0.89,SABORES DE LA VIDA AVENA/CACAO/MIEL 1X160GRS GAONA,https://images.unsplash.com/photo-1558961309-dbdf700068f7?w=500&q=80,true,true,Hoja1
10058,SABORES DE LA VIDA AVENA/CHIPS 1X160GRS GAONA,1220.0,436,1,1,unidad,Almacén,Galletas y Panificados,Galletitas Dulces,Gaona,sabores de la vida avenachips 1x160grs gaona,0.87,0.9,SABORES DE LA VIDA AVENA/CHIPS 1X160GRS GAONA,https://images.unsplash.com/photo-1558961309-dbdf700068f7?w=500&q=80,true,true,Hoja1
10060,SABORES DE LA VIDA AVENA/COCO/CHIPS DDL 1X160GRS G,1220.0,108,1,1,unidad,Almacén,Galletas y Panificados,Galletitas Dulces,Panificados y Galletas,sabores de la vida avenacocochips ddl 1x160grs g|sabores de la vida avenacocochips ddl 1x160grs g panificados y galletas,0.2,0.2,SABORES DE LA VIDA AVENA/COCO/CHIPS DDL 1X160GRS GAONA,https://images.unsplash.com/photo-1558961309-dbdf700068f7?w=500&q=80,true,true,Hoja1
10059,SABORES DE LA VIDA AVENA/MANZANA 1X160GRS GAONA,1220.0,108,1,1,unidad,Bebidas,Gaseosas,Gaseosas Sabores Varios,Bebidas Generales,sabores de la vida avenamanzana 1x160grs gaona|sabores de la vida avenamanzana 1x160grs gaona bebidas generales,0.2,0.2,SABORES DE LA VIDA AVENA/MANZANA 1X160GRS GAONA,https://images.unsplash.com/photo-1622483767028-3f66f32aef97?w=500&q=80,true,true,Hoja1
10061,SABORES DE LA VIDA AVENA/MIEL 1X160GRS GAONA,1220.0,451,1,1,unidad,Almacén,Galletas y Panificados,Galletitas Dulces,Gaona,sabores de la vida avenamiel 1x160grs gaona,0.9,0.93,SABORES DE LA VIDA AVENA/MIEL 1X160GRS GAONA,https://images.unsplash.com/photo-1558961309-dbdf700068f7?w=500&q=80,true,true,Hoja1
10057,SABORES DE LA VIDA AVENA/PASAS 1X160GRS GAONA,1220.0,455,1,1,unidad,Almacén,Galletas y Panificados,Galletitas Dulces,Gaona,sabores de la vida avenapasas 1x160grs gaona,0.91,0.94,SABORES DE LA VIDA AVENA/PASAS 1X160GRS GAONA,https://images.unsplash.com/photo-1558961309-dbdf700068f7?w=500&q=80,true,true,Hoja1
235,SARDINA BAHIA ACEITE Y AGUA 125 GR,1600.0,103,1,1,unidad,Bebidas,Aguas y Sodas,Agua sin Gas,Bebidas Generales,sardina bahia aceite y agua 125 gr|sardina bahia aceite y agua 125 gr bebidas generales|agua mineral|agua mineralizada,0.19,0.19,SARDINA BAHIA ACEITE Y AGUA 125 GR,https://images.unsplash.com/photo-1548839140-29a749e1cf4d?w=500&q=80,true,true,Hoja1
470,SERRANITOS GALÁCTICOS 1X150GR OVNI,1630.0,411,1,1,unidad,Almacén,Snacks y Copetín,Snacks de Maíz y Extruidos,Ovni,serranitos galacticos 1x150gr ovni,0.82,0.71,SERRANITOS GALÁCTICOS 1X150GR OVNI,https://images.unsplash.com/photo-1599490659213-e2b9527ec087?w=500&q=80,true,true,Hoja1
10076,SINFONIA (CLASICA) AGRUPADA 4X50GRS GAONA,1550.0,470,4,1,unidad,Almacén,Galletas y Panificados,Galletitas Dulces,Gaona,sinfonia clasica agrupada 4x50grs gaona,0.94,0.87,SINFONIA (CLASICA) AGRUPADA 4X50GRS GAONA,https://images.unsplash.com/photo-1558961309-dbdf700068f7?w=500&q=80,true,true,Hoja1
10080,SINFONIA (CLASICA) VAINILLA 1X100GRS GAONA,830.0,426,1,1,unidad,Almacén,Galletas y Panificados,Galletitas Dulces,Gaona,sinfonia clasica vainilla 1x100grs gaona,0.85,0.88,SINFONIA (CLASICA) VAINILLA 1X100GRS GAONA,https://images.unsplash.com/photo-1558961309-dbdf700068f7?w=500&q=80,true,true,Hoja1
10086,SINFONIA (CLASICA) VAINILLA 1X50GRS GAONA,500.0,431,1,1,unidad,Almacén,Galletas y Panificados,Galletitas Dulces,Gaona,sinfonia clasica vainilla 1x50grs gaona,0.86,0.89,SINFONIA (CLASICA) VAINILLA 1X50GRS GAONA,https://images.unsplash.com/photo-1558961309-dbdf700068f7?w=500&q=80,true,true,Hoja1
10093,SINFONIA BLACK 1X100GRS GAONA,830.0,436,1,1,unidad,Almacén,Galletas y Panificados,Galletitas Dulces,Gaona,sinfonia black 1x100grs gaona,0.87,0.9,SINFONIA BLACK 1X100GRS GAONA,https://images.unsplash.com/photo-1558961309-dbdf700068f7?w=500&q=80,true,true,Hoja1
10079,SINFONIA CHOCOLATE 1X100GRS GAONA,830.0,98,1,1,unidad,Bebidas,Gaseosas,Gaseosa Cola,Bebidas Generales,sinfonia chocolate 1x100grs gaona|sinfonia chocolate 1x100grs gaona bebidas generales,0.18,0.18,SINFONIA CHOCOLATE 1X100GRS GAONA,https://images.unsplash.com/photo-1622483767028-3f66f32aef97?w=500&q=80,true,true,Hoja1
10085,SINFONIA CHOCOLATE 1X50GRS GAONA,500.0,98,1,1,unidad,Bebidas,Gaseosas,Gaseosa Cola,Bebidas Generales,sinfonia chocolate 1x50grs gaona|sinfonia chocolate 1x50grs gaona bebidas generales,0.18,0.18,SINFONIA CHOCOLATE 1X50GRS GAONA,https://images.unsplash.com/photo-1622483767028-3f66f32aef97?w=500&q=80,true,true,Hoja1
10084,SINFONIA COCO Y DDL 1X100GRS GAONA,830.0,451,1,1,unidad,Almacén,Galletas y Panificados,Galletitas Dulces,Gaona,sinfonia coco y ddl 1x100grs gaona,0.9,0.93,SINFONIA COCO Y DDL 1X100GRS GAONA,https://images.unsplash.com/photo-1558961309-dbdf700068f7?w=500&q=80,true,true,Hoja1
10094,SINFONIA DDL 1X100GRS GAONA,830.0,455,1,1,unidad,Almacén,Galletas y Panificados,Galletitas Dulces,Gaona,sinfonia ddl 1x100grs gaona,0.91,0.94,SINFONIA DDL 1X100GRS GAONA,https://images.unsplash.com/photo-1558961309-dbdf700068f7?w=500&q=80,true,true,Hoja1
10082,SINFONIA DUO DOS CHOCOLATES 1X100GRS GAONA,830.0,93,1,1,unidad,Bebidas,Gaseosas,Gaseosa Cola,Bebidas Generales,sinfonia duo dos chocolates 1x100grs gaona|sinfonia duo dos chocolates 1x100grs gaona bebidas generales,0.17,0.17,SINFONIA DUO DOS CHOCOLATES 1X100GRS GAONA,https://images.unsplash.com/photo-1622483767028-3f66f32aef97?w=500&q=80,true,true,Hoja1
10088,SINFONIA DUO DOS CHOCOLATES 1X50GRS GAONA,500.0,93,1,1,unidad,Bebidas,Gaseosas,Gaseosa Cola,Bebidas Generales,sinfonia duo dos chocolates 1x50grs gaona|sinfonia duo dos chocolates 1x50grs gaona bebidas generales,0.17,0.17,SINFONIA DUO DOS CHOCOLATES 1X50GRS GAONA,https://images.unsplash.com/photo-1622483767028-3f66f32aef97?w=500&q=80,true,true,Hoja1
10077,SINFONIA DUO FRUTILLA C/CREMA 1X100GRS GAONA,830.0,470,1,1,unidad,Almacén,Galletas y Panificados,Galletitas Dulces,Gaona,sinfonia duo frutilla ccrema 1x100grs gaona,0.94,0.87,SINFONIA DUO FRUTILLA C/CREMA 1X100GRS GAONA,https://images.unsplash.com/photo-1558961309-dbdf700068f7?w=500&q=80,true,true,Hoja1
10087,SINFONIA DUO FRUTILLA C/CREMA 1X50GRS GAONA,500.0,426,1,1,unidad,Almacén,Galletas y Panificados,Galletitas Dulces,Gaona,sinfonia duo frutilla ccrema 1x50grs gaona,0.85,0.88,SINFONIA DUO FRUTILLA C/CREMA 1X50GRS GAONA,https://images.unsplash.com/photo-1558961309-dbdf700068f7?w=500&q=80,true,true,Hoja1
10081,SINFONIA FRUTILLA 1X100GRS GAONA,830.0,431,1,1,unidad,Almacén,Galletas y Panificados,Galletitas Dulces,Gaona,sinfonia frutilla 1x100grs gaona,0.86,0.89,SINFONIA FRUTILLA 1X100GRS GAONA,https://images.unsplash.com/photo-1558961309-dbdf700068f7?w=500&q=80,true,true,Hoja1
10089,SINFONIA FRUTILLA 1X50GRS GAONA,500.0,436,1,1,unidad,Almacén,Galletas y Panificados,Galletitas Dulces,Gaona,sinfonia frutilla 1x50grs gaona,0.87,0.9,SINFONIA FRUTILLA 1X50GRS GAONA,https://images.unsplash.com/photo-1558961309-dbdf700068f7?w=500&q=80,true,true,Hoja1
10078,SINFONIA LIMON 1X100GRS GAONA,830.0,88,1,1,unidad,Bebidas,Gaseosas,Gaseosa Limón,Bebidas Generales,sinfonia limon 1x100grs gaona|sinfonia limon 1x100grs gaona bebidas generales,0.16,0.16,SINFONIA LIMON 1X100GRS GAONA,https://images.unsplash.com/photo-1622483767028-3f66f32aef97?w=500&q=80,true,true,Hoja1
10090,SINFONIA LIMON 1X50GRS GAONA,500.0,83,1,1,unidad,Bebidas,Gaseosas,Gaseosa Limón,Bebidas Generales,sinfonia limon 1x50grs gaona|sinfonia limon 1x50grs gaona bebidas generales,0.15,0.15,SINFONIA LIMON 1X50GRS GAONA,https://images.unsplash.com/photo-1622483767028-3f66f32aef97?w=500&q=80,true,true,Hoja1
10083,SINFONIA NARANJA/CHOCOLATE 1X100GRS GAONA,830.0,83,1,1,unidad,Bebidas,Gaseosas,Gaseosa Cola,Bebidas Generales,sinfonia naranjachocolate 1x100grs gaona|sinfonia naranjachocolate 1x100grs gaona bebidas generales,0.15,0.15,SINFONIA NARANJA/CHOCOLATE 1X100GRS GAONA,https://images.unsplash.com/photo-1622483767028-3f66f32aef97?w=500&q=80,true,true,Hoja1
10092,SINFONIA THINS 1X50GRS GAONA,500.0,455,1,1,unidad,Almacén,Galletas y Panificados,Galletitas Dulces,Gaona,sinfonia thins 1x50grs gaona,0.91,0.94,SINFONIA THINS 1X50GRS GAONA,https://images.unsplash.com/photo-1558961309-dbdf700068f7?w=500&q=80,true,true,Hoja1
10091,SINFONIA THINS 1X95GRS GAONA,830.0,460,1,1,unidad,Almacén,Galletas y Panificados,Galletitas Dulces,Gaona,sinfonia thins 1x95grs gaona,0.92,0.85,SINFONIA THINS 1X95GRS GAONA,https://images.unsplash.com/photo-1558961309-dbdf700068f7?w=500&q=80,true,true,Hoja1
315,SODA SIFON 2 lts. X6 MANAOS,10490.0,465,6,1,unidad,Bebidas,Aguas y Sodas,Sodas,Manaos,soda sifon 2 lts x6 manaos|soda sifon  manaos|sifon de soda|sifon manaos,0.93,0.86,SODA SIFON 2 lts. X6 MANAOS,https://images.unsplash.com/photo-1548839140-29a749e1cf4d?w=500&q=80,true,true,Hoja1
10161,SURTIDO MANAOS 1.5 LITROS,7750.0,470,1,1,unidad,Bebidas,Gaseosas,Gaseosas Sabores Varios,Manaos,surtido manaos 15 litros,0.94,0.87,SURTIDO MANAOS 1.5 LITROS,https://images.unsplash.com/photo-1622483767028-3f66f32aef97?w=500&q=80,true,true,Hoja1
10045,SURTIDO MANAOS LATA X6 UNIDADES,5660.0,426,6,1,unidad,Bebidas,Gaseosas,Gaseosas Sabores Varios,Manaos,surtido manaos lata x6 unidades|surtido manaos lata unidades,0.85,0.88,SURTIDO MANAOS LATA X6 UNIDADES,https://images.unsplash.com/photo-1622483767028-3f66f32aef97?w=500&q=80,true,true,Hoja1
10029,TE VERDE HURLINGHAM X25 SAQ. S/S,610.0,78,25,1,unidad,Almacén,Infusiones,Yerba Mate,Yerba,te verde hurlingham x25 saq ss|te verde hurlingham saq ss|te verde hurlingham saq ss yerba,0.14,0.14,TE VERDE HURLINGHAM X25 SAQ. S/S,https://images.unsplash.com/photo-1542838132-92c53300491e?w=500&q=80,true,true,Hoja1
472,TONICA SIN AZÚCAR MANAOS 2.25 LTS.,11430.0,436,1,1,unidad,Bebidas,Gaseosas,Gaseosa Tónica,Manaos,tonica sin azucar manaos 225 lts|tonica sin azucar manaos 2,0.87,0.9,TONICA SIN AZÚCAR MANAOS 2.25 LTS.,https://images.unsplash.com/photo-1622483767028-3f66f32aef97?w=500&q=80,true,true,Hoja1
298,UVA 2.25 LTS. X 6 MANAOS,11340.0,441,6,1,unidad,Bebidas,Gaseosas,Gaseosas Sabores Varios,Manaos,uva 225 lts x 6 manaos|uva 2 manaos,0.88,0.91,UVA 2.25 LTS. X 6 MANAOS,https://images.unsplash.com/photo-1622483767028-3f66f32aef97?w=500&q=80,true,true,Hoja1
10034,VAGONETA GATOS X10KG,17280.0,73,1,1,unidad,Almacén,Otros,General,General,vagoneta gatos x10kg|vagoneta gatos x10kg general,0.13,0.13,VAGONETA GATOS X10KG,https://images.unsplash.com/photo-1542838132-92c53300491e?w=500&q=80,true,true,Hoja1
10136,VALENCIANO ANILLO LIMON 1X150GRS,780.0,73,1,1,unidad,Bebidas,Gaseosas,Gaseosa Limón,Bebidas Generales,valenciano anillo limon 1x150grs|valenciano anillo limon 1x150grs bebidas generales,0.13,0.13,VALENCIANO ANILLO LIMON 1X150GRS,https://images.unsplash.com/photo-1622483767028-3f66f32aef97?w=500&q=80,true,true,Hoja1
10134,VALENCIANO CHIPS 1X150 GRS,780.0,68,1,1,unidad,Almacén,Galletas y Panificados,Galletitas Dulces,Panificados y Galletas,valenciano chips 1x150 grs|valenciano chips 1x150 grs panificados y galletas,0.12,0.12,VALENCIANO CHIPS 1X150 GRS,https://images.unsplash.com/photo-1558961309-dbdf700068f7?w=500&q=80,true,true,Hoja1
10137,VALENCIANO MASITA VAINILLA 1X150GR,780.0,68,1,1,unidad,Almacén,Galletas y Panificados,Galletitas Dulces,Panificados y Galletas,valenciano masita vainilla 1x150gr|valenciano masita vainilla 1x150gr panificados y galletas,0.12,0.12,VALENCIANO MASITA VAINILLA 1X150GR,https://images.unsplash.com/photo-1558961309-dbdf700068f7?w=500&q=80,true,true,Hoja1
10135,VALENCIANO PEPAS 1X150GRS,780.0,68,1,1,unidad,Almacén,Galletas y Panificados,Galletitas Dulces,Panificados y Galletas,valenciano pepas 1x150grs|valenciano pepas 1x150grs panificados y galletas,0.12,0.12,VALENCIANO PEPAS 1X150GRS,https://images.unsplash.com/photo-1558961309-dbdf700068f7?w=500&q=80,true,true,Hoja1
10138,VALENCIANO SURTIDO 1X150GRS,780.0,68,1,1,unidad,Almacén,Galletas y Panificados,Galletitas Dulces,Panificados y Galletas,valenciano surtido 1x150grs|valenciano surtido 1x150grs panificados y galletas,0.12,0.12,VALENCIANO SURTIDO 1X150GRS,https://images.unsplash.com/photo-1558961309-dbdf700068f7?w=500&q=80,true,true,Hoja1
1,VINO LOS DURMIENTES MALBEC 6X750,20270.0,63,6,1,unidad,Almacén,Otros,General,General,vino los durmientes malbec 6x750|vino los durmientes malbec 6x750 general,0.11,0.11,VINO LOS DURMIENTES MALBEC 6X750,https://images.unsplash.com/photo-1542838132-92c53300491e?w=500&q=80,true,true,Hoja1
10024,YERBA MATE NATURA ORGANICA 500 G,2750.0,63,1,1,unidad,Almacén,Infusiones,Yerba Mate,Yerba,yerba mate natura organica 500 g|yerba mate natura organica,0.11,0.11,YERBA MATE NATURA ORGANICA 500 G,https://images.unsplash.com/photo-1542838132-92c53300491e?w=500&q=80,true,true,Hoja1
10026,YERBA MATE NATURA SAB. NARANJA 500 G,1550.0,63,1,1,unidad,Bebidas,Gaseosas,Gaseosa Naranja,Bebidas Generales,yerba mate natura sab naranja 500 g|yerba mate natura sab naranja|yerba mate natura sab naranja bebidas generales,0.11,0.11,YERBA MATE NATURA SAB. NARANJA 500 G,https://images.unsplash.com/photo-1622483767028-3f66f32aef97?w=500&q=80,true,true,Hoja1
10023,YERBA MATE NATURA SELEC. ESPECIAL 500 G,3210.0,63,1,1,unidad,Almacén,Infusiones,Yerba Mate,Yerba,yerba mate natura selec especial 500 g|yerba mate natura selec especial,0.11,0.11,YERBA MATE NATURA SELEC. ESPECIAL 500 G,https://images.unsplash.com/photo-1542838132-92c53300491e?w=500&q=80,true,true,Hoja1
10021,YERBA MATE NATURA SUAVE 1KG,2990.0,59,1,1,unidad,Almacén,Infusiones,Yerba Mate,Yerba,yerba mate natura suave 1kg,0.1,0.1,YERBA MATE NATURA SUAVE 1KG,https://images.unsplash.com/photo-1542838132-92c53300491e?w=500&q=80,true,true,Hoja1
10022,YERBA MATE NATURA SUAVE 500 G,1530.0,59,1,1,unidad,Almacén,Infusiones,Yerba Mate,Yerba,yerba mate natura suave 500 g|yerba mate natura suave,0.1,0.1,YERBA MATE NATURA SUAVE 500 G,https://images.unsplash.com/photo-1542838132-92c53300491e?w=500&q=80,true,true,Hoja1
