product_code,articulo,grupo,marca,contador,cantidad,rotacion_raw,rotacion_index,margen_pct,margen_normalizado,clase_ab,interpretacion,ventas_neto,costo,en_catalogo
1,VINO LOS DURMIENTES MALBEC 6X750,#11 VINOS Y LICORES,VERDE FLOR,50,70.0,0.714286,0.7042,0.2297,1.0,A,alta rotación / baja rentabilidad,1171100.95,902096.3,si
10,BARRAS DE CEREAL CHOCOLATE GAONA 15X23GR,#14 ALMACEN,GAONA,11,15.0,0.733333,0.7239,0.301,1.0,B,baja rotación / alta rentabilidad,146776.83,102592.35,si
10009,MAYONESA NATURA 20X125GR,#14 ALMACEN,NATURA,377,574.0,0.656794,0.6447,0.2581,1.0,A,alta rotación / baja rentabilidad,6813598.71,5055337.39,si
10014,ARITOS GALACTICOS SABOR CEBOLLA X60GR OVNI,#16 SNACK,OVNI,36,206.0,0.174757,0.1457,0.2856,1.0,B,baja rotación / alta rentabilidad,181054.59,129340.9,si
10021,YERBA MATE NATURA SUAVE 1KG,#14 ALMACEN,NATURA,6,13.0,0.461538,0.4426,0.2367,1.0,A,alta rotación / baja rentabilidad,34278.92,26164.0,si
10022,YERBA MATE NATURA SUAVE 500 G,#14 ALMACEN,NATURA,68,382.0,0.17801,0.149,0.2195,1.0,B,baja rotación / alta rentabilidad,479453.48,374220.0,si
10023,YERBA MATE NATURA SELEC. ESPECIAL 500 G,#14 ALMACEN,NATURA,5,12.0,0.416667,0.3961,-0.2283,0.9999,A,alta rotación / baja rentabilidad,20126.04,24721.2,si
10024,YERBA MATE NATURA ORGANICA 500 G,#14 ALMACEN,NATURA,10,28.0,0.357143,0.3345,0.2434,1.0,A,alta rotación / baja rentabilidad,66374.79,50218.91,si
10026,YERBA MATE NATURA SAB. NARANJA 500 G,#14 ALMACEN,NATURA,48,183.0,0.262295,0.2363,0.2012,1.0,A,alta rotación / baja rentabilidad,227384.36,181640.99,si
10030,BOLDO HURLINGHAM X25 SAQ. S/S,#14 ALMACEN,HURLINGHAM,9,18.0,0.5,0.4824,0.286,1.0,A,alta rotación / baja rentabilidad,14941.31,10668.78,si
10032,MEZC. HIERBAS HURLINGHAM X25 SAQ. S/S,#14 ALMACEN,HURLINGHAM,8,24.0,0.333333,0.3098,0.2806,1.0,A,alta rotación / baja rentabilidad,15011.58,10800.0,si
10040,MANAOS LATA COLA X6 UNIDADES,#18 LATA,MANAOS,148,228.0,0.649123,0.6368,0.3188,1.0,B,baja rotación / alta rentabilidad,1047801.97,713747.16,si
10042,MANAOS LATA NARANJA  X6 UNIDADES,#18 LATA,MANAOS,67,85.0,0.788235,0.7808,0.33,1.0,B,baja rotación / alta rentabilidad,397135.71,266089.95,si
10043,MANAOS LATA POMELO  X6 UNIDADES,#18 LATA,MANAOS,74,92.0,0.804348,0.7975,0.3308,1.0,B,baja rotación / alta rentabilidad,430347.33,288003.24,si
10047,POMELO ROSADO 1.5 LTS X6 PLACER,#07 PLACER 1.5 LTS,MANAOS,408,618.0,0.660194,0.6482,0.3381,1.0,B,baja rotación / alta rentabilidad,3663236.62,2424725.07,si
10048,CRUNCHIPS MINI 1X70GRS GAONA,#19 GALLETITAS,GAONA,59,392.0,0.15051,0.1206,0.2971,1.0,B,baja rotación / alta rentabilidad,221454.43,155659.63,si
10049,CRUNCHIPS DDL 1X132GRS GAONA,#19 GALLETITAS,GAONA,97,719.0,0.13491,0.1044,0.3015,1.0,B,baja rotación / alta rentabilidad,689132.09,481387.54,si
10051,CRUNCHIPS COLORES 1X132GRS GAONA,#19 GALLETITAS,GAONA,105,756.0,0.138889,0.1085,0.3017,1.0,B,baja rotación / alta rentabilidad,732423.76,511428.9,si
10052,CRUNCHIPS MANI 1X132GRS GAONA,#19 GALLETITAS,GAONA,67,286.0,0.234266,0.2073,0.3014,1.0,B,baja rotación / alta rentabilidad,271430.56,189612.74,si
10053,CRUNCHIPS 1X132GRS GAONA,#19 GALLETITAS,GAONA,167,1228.0,0.135993,0.1055,0.3001,1.0,B,baja rotación / alta rentabilidad,1175415.87,822707.33,si
10054,CRUNCHIPS DARK 1X132GRS GAONA,#19 GALLETITAS,GAONA,88,465.0,0.189247,0.1607,0.2998,1.0,B,baja rotación / alta rentabilidad,444897.05,311508.99,si
10055,CRUNCHIPS POCKET 1X72GRS GAONA,#19 GALLETITAS,GAONA,37,222.0,0.166667,0.1373,0.2586,1.0,B,baja rotación / alta rentabilidad,95338.85,70684.8,si
10056,CRUNCHIPS COLORES POCKET 1X72GRS GAONA,#19 GALLETITAS,GAONA,38,229.0,0.165939,0.1366,0.2755,1.0,B,baja rotación / alta rentabilidad,99925.64,72393.19,si
10057,SABORES DE LA VIDA AVENA/PASAS 1X160GRS GAONA,#19 GALLETITAS,GAONA,272,1286.0,0.211509,0.1837,0.3018,1.0,B,baja rotación / alta rentabilidad,1219163.06,851272.0,si
10058,SABORES DE LA VIDA AVENA/CHIPS 1X160GRS GAONA,#19 GALLETITAS,GAONA,256,1105.0,0.231674,0.2046,0.3017,1.0,B,baja rotación / alta rentabilidad,1040018.07,726259.16,si
10059,SABORES DE LA VIDA AVENA/MANZANA 1X160GRS GAONA,#19 GALLETITAS,GAONA,216,856.0,0.252336,0.226,0.3017,1.0,B,baja rotación / alta rentabilidad,807888.38,564137.18,si
10060,SABORES DE LA VIDA AVENA/COCO/CHIPS DDL 1X160GRS G,#19 GALLETITAS,GAONA,197,891.0,0.2211,0.1937,0.3017,1.0,B,baja rotación / alta rentabilidad,850889.55,594147.72,si
10061,SABORES DE LA VIDA AVENA/MIEL 1X160GRS GAONA,#19 GALLETITAS,GAONA,182,701.0,0.259629,0.2335,0.3017,1.0,B,baja rotación / alta rentabilidad,664332.59,463935.88,si
10062,SABORES DE LA VIDA AVENA/CACAO/MIEL 1X160GRS GAONA,#19 GALLETITAS,GAONA,175,664.0,0.263554,0.2376,0.3016,1.0,B,baja rotación / alta rentabilidad,631340.84,440902.64,si
10069,CUBICUB DUO FRUTILLA C/CREMA 1X100GRS GAONA,#19 GALLETITAS,GAONA,45,171.0,0.263158,0.2372,-0.1442,0.9999,A,alta rotación / baja rentabilidad,75264.02,86119.44,si
10070,CUBICUB FRUTILLA 1X100GRS GAONA,#19 GALLETITAS,GAONA,14,80.0,0.175,0.1459,0.3005,1.0,B,baja rotación / alta rentabilidad,55297.09,38682.66,si
10071,CUBICUB LEMON PIE 1X100GRS GAONA,#19 GALLETITAS,GAONA,52,194.0,0.268041,0.2423,-1.1474,0.9997,A,alta rotación / baja rentabilidad,44057.84,94610.48,si
10072,CUBICUB ORIGINAL (AVELLANA) 1X100GRS GAONA,#19 GALLETITAS,GAONA,35,129.0,0.271318,0.2456,0.0592,0.9999,A,alta rotación / baja rentabilidad,69743.81,65615.3,si
10073,CUBICUB VAINILLA 1X100GRS GAONA,#19 GALLETITAS,GAONA,28,111.0,0.252252,0.2259,0.1553,1.0,B,baja rotación / alta rentabilidad,67049.14,56636.7,si
10074,CUBICUB VOLCAN DE CHOCOLATE 1X100GRS GAONA,#19 GALLETITAS,GAONA,28,121.0,0.231405,0.2043,0.3008,1.0,B,baja rotación / alta rentabilidad,89942.15,62887.04,si
10075,CUBICUB BON 1X100GRS GAONA,#19 GALLETITAS,GAONA,14,103.0,0.135922,0.1055,0.28,1.0,B,baja rotación / alta rentabilidad,69950.41,50363.88,si
10076,SINFONIA (CLASICA) AGRUPADA 4X50GRS GAONA,#19 GALLETITAS,GAONA,129,470.0,0.274468,0.2489,-0.9407,0.9998,A,alta rotación / baja rentabilidad,189991.74,368713.58,si
10077,SINFONIA DUO FRUTILLA C/CREMA 1X100GRS GAONA,#19 GALLETITAS,GAONA,88,643.0,0.136858,0.1064,0.2998,1.0,B,baja rotación / alta rentabilidad,428042.81,299719.03,si
10078,SINFONIA LIMON 1X100GRS GAONA,#19 GALLETITAS,GAONA,65,460.0,0.141304,0.111,0.3024,1.0,B,baja rotación / alta rentabilidad,303309.85,211595.41,si
10079,SINFONIA CHOCOLATE 1X100GRS GAONA,#19 GALLETITAS,GAONA,70,378.0,0.185185,0.1565,0.3016,1.0,B,baja rotación / alta rentabilidad,254675.13,177876.28,si
10080,SINFONIA (CLASICA) VAINILLA 1X100GRS GAONA,#19 GALLETITAS,GAONA,119,675.0,0.176296,0.1473,0.3017,1.0,B,baja rotación / alta rentabilidad,441976.71,308620.13,si
10081,SINFONIA FRUTILLA 1X100GRS GAONA,#19 GALLETITAS,GAONA,97,706.0,0.137394,0.107,0.3029,1.0,B,baja rotación / alta rentabilidad,460668.9,321117.34,si
10082,SINFONIA DUO DOS CHOCOLATES 1X100GRS GAONA,#19 GALLETITAS,GAONA,81,567.0,0.142857,0.1127,0.3028,1.0,B,baja rotación / alta rentabilidad,371307.34,258859.12,si
10083,SINFONIA NARANJA/CHOCOLATE 1X100GRS GAONA,#19 GALLETITAS,GAONA,65,423.0,0.153664,0.1238,0.3033,1.0,B,baja rotación / alta rentabilidad,275776.8,192146.22,si
10084,SINFONIA COCO Y DDL 1X100GRS GAONA,#19 GALLETITAS,GAONA,84,350.0,0.24,0.2132,0.302,1.0,B,baja rotación / alta rentabilidad,230622.27,160977.59,si
10085,SINFONIA CHOCOLATE 1X50GRS GAONA,#19 GALLETITAS,GAONA,49,211.0,0.232227,0.2052,0.298,1.0,B,baja rotación / alta rentabilidad,81054.15,56899.74,si
10086,SINFONIA (CLASICA) VAINILLA 1X50GRS GAONA,#19 GALLETITAS,GAONA,47,222.0,0.211712,0.1839,0.3009,1.0,B,baja rotación / alta rentabilidad,87584.74,61229.98,si
10087,SINFONIA DUO FRUTILLA C/CREMA 1X50GRS GAONA,#19 GALLETITAS,GAONA,29,229.0,0.126638,0.0959,0.2909,1.0,B,baja rotación / alta rentabilidad,85730.57,60788.81,si
10088,SINFONIA DUO DOS CHOCOLATES 1X50GRS GAONA,#19 GALLETITAS,GAONA,38,179.0,0.212291,0.1845,0.2949,1.0,B,baja rotación / alta rentabilidad,66258.64,46719.96,si
10089,SINFONIA FRUTILLA 1X50GRS GAONA,#19 GALLETITAS,GAONA,49,457.0,0.107221,0.0758,0.2991,1.0,B,baja rotación / alta rentabilidad,174574.41,122366.53,si
10092,SINFONIA THINS 1X50GRS GAONA,#19 GALLETITAS,GAONA,5,21.0,0.238095,0.2112,0.2961,1.0,B,baja rotación / alta rentabilidad,7289.25,5131.14,si
10093,SINFONIA BLACK 1X100GRS GAONA,#19 GALLETITAS,GAONA,107,868.0,0.123272,0.0924,0.3021,1.0,B,baja rotación / alta rentabilidad,574730.81,401089.11,si
10094,SINFONIA DDL 1X100GRS GAONA,#19 GALLETITAS,GAONA,41,429.0,0.095571,0.0637,0.2974,1.0,B,baja rotación / alta rentabilidad,284886.7,200175.46,si
10095,MAGDALENA BICOLOR 1X200GRS GAONA,#19 GALLETITAS,GAONA,61,248.0,0.245968,0.2194,0.298,1.0,B,baja rotación / alta rentabilidad,377797.6,265223.6,si
10096,MAGDALENA CHOCO RELL. DDL 1X215GRS GAONA,#19 GALLETITAS,GAONA,65,216.0,0.300926,0.2763,0.2998,1.0,B,baja rotación / alta rentabilidad,327088.87,229042.32,si
10097,MAGDALENA (CLASICA) VAINILLA 1X200GRS GAONA,#19 GALLETITAS,GAONA,125,530.0,0.235849,0.2089,0.2994,1.0,B,baja rotación / alta rentabilidad,794398.88,556594.34,si
10098,MAGDALENA COCO RELL. DDL 1X215GRS GAONA,#19 GALLETITAS,GAONA,88,302.0,0.291391,0.2664,0.3002,1.0,B,baja rotación / alta rentabilidad,453595.12,317447.06,si
10099,MAGDALENA FIESTA CHOCO 1X200GRS GAONA,#19 GALLETITAS,GAONA,15,49.0,0.306122,0.2817,0.3005,1.0,B,baja rotación / alta rentabilidad,74917.39,52403.05,si
10100,MAGDALENA FIESTA VAINILLA 1X200GRS GAONA,#19 GALLETITAS,GAONA,21,62.0,0.33871,0.3154,0.3,1.0,B,baja rotación / alta rentabilidad,94716.99,66305.9,si
10101,MAGDALENA LIMON 1X200GRS GAONA,#19 GALLETITAS,GAONA,8,20.0,0.4,0.3789,0.2988,1.0,A,alta rotación / baja rentabilidad,30502.07,21389.0,si
10102,MAGDALENA RELL. FRUTILLA 1X215GRS GAONA,#19 GALLETITAS,GAONA,85,378.0,0.224868,0.1976,0.3,1.0,B,baja rotación / alta rentabilidad,571926.56,400334.34,si
10105,MAGDALENA VAINILLA RELL. DDL 1X200GRS GAONA,#19 GALLETITAS,GAONA,136,672.0,0.202381,0.1743,0.2991,1.0,B,baja rotación / alta rentabilidad,1017462.99,713143.56,si
10106,MAGDALENA VAINILLA RELL. CHOCOLATE 1X200GRS GAONA,#19 GALLETITAS,GAONA,56,190.0,0.294737,0.2699,0.2997,1.0,B,baja rotación / alta rentabilidad,285556.63,199977.34,si
10107,MINI BUDINES VAINILLA 1X180GRS GAONA,#19 GALLETITAS,GAONA,23,76.0,0.302632,0.2781,0.3001,1.0,B,baja rotación / alta rentabilidad,116121.93,81278.2,si
10108,MINI BUDIN VAINILLA C/DDL 1X180GRS GAONA,#19 GALLETITAS,GAONA,27,98.0,0.27551,0.25,0.2998,1.0,B,baja rotación / alta rentabilidad,149681.88,104806.1,si
10109,BIZCOCHO AZUCARADO 1X180GRS GAONA,#19 GALLETITAS,GAONA,173,1352.0,0.127959,0.0972,0.2996,1.0,B,baja rotación / alta rentabilidad,936823.95,656174.91,si
10110,BIZCOCHO SALADO 1X180GRS GAONA,#19 GALLETITAS,GAONA,120,827.0,0.145103,0.115,0.2998,1.0,B,baja rotación / alta rentabilidad,576781.78,403855.42,si
10111,CHIPS CHOCO BLANCO 1X230GRS GAONA,#19 GALLETITAS,GAONA,36,142.0,0.253521,0.2272,0.3016,1.0,B,baja rotación / alta rentabilidad,152599.12,106573.72,si
10112,CHIPS CHOCOLATE 1X230GRS GAONA,#19 GALLETITAS,GAONA,129,791.0,0.163085,0.1336,0.2999,1.0,B,baja rotación / alta rentabilidad,911563.99,638173.3,si
10113,CHIPS DDL 1X200GRS GAONA,#19 GALLETITAS,GAONA,69,264.0,0.261364,0.2353,0.2999,1.0,B,baja rotación / alta rentabilidad,299689.65,209806.28,si
10114,CHIPS COLORES 1X200GRS GAONA,#19 GALLETITAS,GAONA,66,319.0,0.206897,0.179,0.3005,1.0,B,baja rotación / alta rentabilidad,361814.0,253073.72,si
10115,ANILLO COCO 1X220GRS GAONA,#19 GALLETITAS,GAONA,59,331.0,0.178248,0.1493,0.2999,1.0,B,baja rotación / alta rentabilidad,344851.32,241419.49,si
10116,ANILLO LIMON 1X220GRS GAONA,#19 GALLETITAS,GAONA,33,130.0,0.253846,0.2276,0.2956,1.0,B,baja rotación / alta rentabilidad,134328.96,94617.1,si
10117,ANILLO VAINILLA 1X220GRS GAONA,#19 GALLETITAS,GAONA,44,168.0,0.261905,0.2359,0.3005,1.0,B,baja rotación / alta rentabilidad,173529.81,121378.77,si
10118,MANTECADITAS 1X220GRS GAONA,#19 GALLETITAS,GAONA,66,278.0,0.23741,0.2105,0.2972,1.0,B,baja rotación / alta rentabilidad,289650.47,203551.97,si
10119,MASITA COCO 1X220GRS GAONA,#19 GALLETITAS,GAONA,49,212.0,0.231132,0.204,0.3003,1.0,B,baja rotación / alta rentabilidad,218564.07,152927.88,si
10120,MASITA LIMON 1X220GRS GAONA,#19 GALLETITAS,GAONA,37,106.0,0.349057,0.3261,0.299,1.0,A,alta rotación / baja rentabilidad,106755.81,74831.59,si
10121,MASITA VAINILLA 1X220GRS GAONA,#19 GALLETITAS,GAONA,44,157.0,0.280255,0.2549,0.3006,1.0,B,baja rotación / alta rentabilidad,161883.08,113220.48,si
10122,PALMERITAS 1X200GRS GAONA,#19 GALLETITAS,GAONA,27,214.0,0.126168,0.0954,0.3008,1.0,B,baja rotación / alta rentabilidad,414033.46,289487.72,si
10123,PEPA BATATA 1X300GRS GAONA,#19 GALLETITAS,GAONA,133,847.0,0.157025,0.1273,0.298,1.0,B,baja rotación / alta rentabilidad,978819.48,687169.63,si
10124,PEPA 1X300GRS GAONA,#19 GALLETITAS,GAONA,170,1022.0,0.166341,0.137,0.2981,1.0,B,baja rotación / alta rentabilidad,1173931.88,824006.53,si
10125,PEPA 1X180GRS GAONA,#19 GALLETITAS,GAONA,61,417.0,0.146283,0.1162,0.3027,1.0,B,baja rotación / alta rentabilidad,308418.62,215060.19,si
10126,RECREO SURTIDO 1X300 GRS GAONA,#19 GALLETITAS,GAONA,97,697.0,0.139168,0.1088,0.3019,1.0,B,baja rotación / alta rentabilidad,875645.71,611303.22,si
10128,ALAMESA TOSTADA CLASICA 1X200GRS GAONA,#19 GALLETITAS,GAONA,38,241.0,0.157676,0.128,0.3013,1.0,B,baja rotación / alta rentabilidad,275661.14,192600.18,si
10129,ALAMESA TOSTADA DULCES 1X200GRS GAONA,#19 GALLETITAS,GAONA,18,69.0,0.26087,0.2348,0.3012,1.0,B,baja rotación / alta rentabilidad,79877.28,55819.36,si
10130,ALAMESA TOSTADA LIGHT 1X200GRS GAONA,#19 GALLETITAS,GAONA,45,291.0,0.154639,0.1249,0.3015,1.0,B,baja rotación / alta rentabilidad,330997.53,231207.22,si
10131,ALAMESA TOSTADAS DE ARROZ CLÁSICAS 1X150GRS GAONA,#19 GALLETITAS,GAONA,54,319.0,0.169279,0.14,0.3021,1.0,B,baja rotación / alta rentabilidad,484488.02,338148.38,si
10132,ALAMESA TOSTADAS DE ARROZ DULCES 1X150GRS GAONA,#19 GALLETITAS,GAONA,26,115.0,0.226087,0.1988,0.3025,1.0,B,baja rotación / alta rentabilidad,175074.38,122118.8,si
10133,ALAMESA TOSTADAS DE ARROZ SIN SAL 1X150GRS GAONA,#19 GALLETITAS,GAONA,34,225.0,0.151111,0.1212,0.3021,1.0,B,baja rotación / alta rentabilidad,344590.95,240484.27,si
10134,VALENCIANO CHIPS 1X150 GRS,#19 GALLETITAS,VALENCIANO,209,1692.0,0.123522,0.0926,0.2999,1.0,B,baja rotación / alta rentabilidad,1027607.25,719466.39,si
10135,VALENCIANO PEPAS 1X150GRS,#19 GALLETITAS,VALENCIANO,187,1345.0,0.139033,0.1087,0.2994,1.0,B,baja rotación / alta rentabilidad,811478.72,568484.97,si
10136,VALENCIANO ANILLO LIMON 1X150GRS,#19 GALLETITAS,VALENCIANO,103,521.0,0.197697,0.1694,0.2988,1.0,B,baja rotación / alta rentabilidad,315685.67,221344.8,si
10137,VALENCIANO MASITA VAINILLA 1X150GR,#19 GALLETITAS,VALENCIANO,122,740.0,0.164865,0.1354,0.2995,1.0,B,baja rotación / alta rentabilidad,446216.73,312553.2,si
10138,VALENCIANO SURTIDO 1X150GRS,#19 GALLETITAS,VALENCIANO,168,1131.0,0.148541,0.1185,0.3002,1.0,B,baja rotación / alta rentabilidad,691041.8,483583.5,si
10139,POMELO BLANCO 1.5LTS X 6 MANAOS,#05 MANAOS 1.5 LTS,MANAOS,119,206.0,0.57767,0.5628,0.3388,1.0,B,baja rotación / alta rentabilidad,1273233.54,841847.76,si
10140,COLA 1.5 LTS X 6 MANAOS,#05 MANAOS 1.5 LTS,MANAOS,203,523.0,0.388145,0.3666,0.3386,1.0,B,baja rotación / alta rentabilidad,3232025.0,2137609.98,si
10141,LIMA LIMON 1.5 LTS X 6 MANAOS,#05 MANAOS 1.5 LTS,MANAOS,101,172.0,0.587209,0.5727,0.3399,1.0,B,baja rotación / alta rentabilidad,1071900.9,707595.32,si
10142,NARANJA 1.5 LTS X  6 MANAOS,#05 MANAOS 1.5 LTS,MANAOS,109,205.0,0.531707,0.5152,0.34,1.0,B,baja rotación / alta rentabilidad,1279545.55,844447.43,si
10143,CHOCOLATADA CRUNCHIPS 1X150GR GAONA,#14 ALMACEN,GAONA,10,57.0,0.175439,0.1464,0.3032,1.0,B,baja rotación / alta rentabilidad,49859.53,34743.85,si
10145,CHOCOLATADA CRUNCHIPS 1X300 GR GAONA,#14 ALMACEN,GAONA,52,194.0,0.268041,0.2423,-0.9315,0.9998,A,alta rotación / baja rentabilidad,136330.56,263321.17,si
10146,CUBICUB DOS CHOCOLATES 1X100 GR GAONA,#19 GALLETITAS,GAONA,23,94.0,0.244681,0.2181,0.3014,1.0,B,baja rotación / alta rentabilidad,68057.88,47543.8,si
10147,MAYONESA NATURA 12X250GR,#14 ALMACEN,NATURA,2,2.0,1.0,1.0,0.2591,1.0,A,alta rotación / baja rentabilidad,27553.72,20414.54,si
10160,POMELO ROSADO 500 ML PLACER,#06 PLACER 500 ML,MANAOS,169,312.0,0.541667,0.5255,0.3385,1.0,B,baja rotación / alta rentabilidad,1958628.01,1295678.58,si
10164,CERVEZA PILSEN SAMBA LATA 6X473ML,#20 CERVEZA,SAMBA,42,691.0,0.060781,0.0277,0.1549,1.0,B,baja rotación / alta rentabilidad,3769773.0,3186014.43,si
10165,CERVEZA PILSEN CONTI ZERO GRAU 6X473 ML,#20 CERVEZA,CONTI ZERO GRAU,21,617.0,0.034036,0.0,0.1446,1.0,B,baja rotación / alta rentabilidad,3881176.73,3319836.37,si
10166,CERVEZA PURA MALTA SMITH 44 LATA 6X473 ML,#20 CERVEZA,SMITH 44,9,201.0,0.044776,0.0111,0.1473,1.0,B,baja rotación / alta rentabilidad,1666942.09,1421425.77,si
10167,CERVEZA PURA MALTA SMITH 44 BOTELLA 24X330 ML,#20 CERVEZA,SMITH 44,5,48.0,0.104167,0.0726,0.1444,1.0,B,baja rotación / alta rentabilidad,1794575.22,1535482.56,si
10168,ATUN BAHIA DESMENUZADO AL ACEITE 170G,#21 ENLATADOS,BAHIA,92,462.0,0.199134,0.1709,0.2926,1.0,B,baja rotación / alta rentabilidad,590921.72,418045.32,si
10169,LOMITO DE ATUN AL NATURAL BAHIA 170G,#21 ENLATADOS,BAHIA,37,132.0,0.280303,0.2549,0.2917,1.0,A,alta rotación / baja rentabilidad,330380.21,234021.48,si
10170,LOMITO DE ATUN EN ACEITE Y AGUA BAHIA 170G,#21 ENLATADOS,BAHIA,40,147.0,0.272109,0.2465,0.2931,1.0,A,alta rotación / baja rentabilidad,368694.29,260614.83,si
10171,DURAZNOS EN MITADES BAHIA 820G,#21 ENLATADOS,BAHIA,50,211.0,0.236967,0.2101,0.2937,1.0,B,baja rotación / alta rentabilidad,556958.67,393352.53,si
10172,CHAMPIGNONES ENTEROS BAHIA 1X184 GR,#21 ENLATADOS,BAHIA,6,17.0,0.352941,0.3301,0.2932,1.0,A,alta rotación / baja rentabilidad,27115.69,19165.97,no
10173,CHAMPIGNONES ENTEROS BAHIA 1X400 GR,#21 ENLATADOS,BAHIA,2,11.0,0.181818,0.153,0.2941,1.0,B,baja rotación / alta rentabilidad,30545.46,21563.3,no
10174,CHAMPIGNONES EN TROZOS BAHIA 1X400 GR,#21 ENLATADOS,BAHIA,2,14.0,0.142857,0.1127,0.2956,1.0,B,baja rotación / alta rentabilidad,34479.34,24287.76,no
10175,PALMITOS EN TROZOS BAHIA 1X400 GR,#21 ENLATADOS,BAHIA,10,23.0,0.434783,0.4149,0.2954,1.0,A,alta rotación / baja rentabilidad,37826.45,26651.25,no
10176,FRUTILLAS ENTERAS BAHIA 1X520 GR,#21 ENLATADOS,BAHIA,7,17.0,0.411765,0.391,0.2945,1.0,A,alta rotación / baja rentabilidad,63925.61,45100.15,no
10177,PULPA DE FRUTILLAS 1X420 GR,#21 ENLATADOS,BAHIA,5,15.0,0.333333,0.3098,0.2945,1.0,A,alta rotación / baja rentabilidad,40785.13,28773.15,no
10178,JARDINERA BAHIA 1X300 GR,#21 ENLATADOS,BAHIA,12,51.0,0.235294,0.2083,0.2942,1.0,B,baja rotación / alta rentabilidad,54793.38,38673.3,no
10179,CHOCLO AMARILLO CREMOSO BAHIA 1X300 GR,#21 ENLATADOS,BAHIA,27,133.0,0.203008,0.1749,0.2934,1.0,B,baja rotación / alta rentabilidad,111016.56,78440.74,no
10180,GARBANZOS REMOJADOS BAHIA 1X300 GR,#21 ENLATADOS,BAHIA,12,50.0,0.24,0.2132,0.2963,1.0,B,baja rotación / alta rentabilidad,49173.55,34604.5,no
10181,POROTOS ALUBIA BAHIA 1X300 GR,#21 ENLATADOS,BAHIA,18,77.0,0.233766,0.2068,0.2956,1.0,B,baja rotación / alta rentabilidad,91576.92,64505.98,no
10182,POROTOS NEGROS BAHIA 1X300 GR,#21 ENLATADOS,BAHIA,17,82.0,0.207317,0.1794,0.2933,1.0,B,baja rotación / alta rentabilidad,97527.32,68923.46,no
10183,CHAMPIGNONES EN TROZOS BAHIA 1X184 GR,#21 ENLATADOS,BAHIA,11,35.0,0.314286,0.2901,0.2958,1.0,A,alta rotación / baja rentabilidad,49173.58,34627.6,no
10184,PALMITOS ENTEROS BAHIA 1X400G,#21 ENLATADOS,BAHIA,3,7.0,0.428571,0.4084,0.2938,1.0,A,alta rotación / baja rentabilidad,26495.86,18712.12,no
10185,CHOCLO AMARILLO EN GRANO BAHIA 1X280G,#21 ENLATADOS,BAHIA,25,137.0,0.182482,0.1537,0.2952,1.0,B,baja rotación / alta rentabilidad,167264.4,117889.87,no
10186,PULPA DE ANANA BAHIA 1X420G,#21 ENLATADOS,BAHIA,3,10.0,0.3,0.2753,0.2946,1.0,A,alta rotación / baja rentabilidad,27933.88,19704.8,no
13,PALITOS DE MAIZ (AMARILLOS) X1KG OVNI,#16 SNACK,OVNI,30,67.0,0.447761,0.4283,0.2884,1.0,A,alta rotación / baja rentabilidad,236189.22,168074.2,si
17,PALITOS DE MAIZ (AMARILLOS) X500GR OVNI,#16 SNACK,OVNI,23,79.0,0.291139,0.2662,0.2907,1.0,A,alta rotación / baja rentabilidad,150866.94,107014.24,si
210,QUESITOS GALACTICOS 1X65GR,#16 SNACK,OVNI,43,216.0,0.199074,0.1709,0.2885,1.0,B,baja rotación / alta rentabilidad,172555.88,122772.24,si
213,PAPAS FRITAS GALACTICAS OVNI 1X90 GR,#16 SNACK,JULICROC,44,202.0,0.217822,0.1903,0.2889,1.0,B,baja rotación / alta rentabilidad,333832.26,237380.09,si
226,Productos varios,,,1,1.0,1.0,1.0,-5527.0,0.0,A,alta rotación / baja rentabilidad,0.83,4588.24,si
229,ATUN BAHIA AL NAT. DESM. 170 GR,#21 ENLATADOS,BAHIA,85,388.0,0.219072,0.1916,0.2933,1.0,B,baja rotación / alta rentabilidad,496768.76,351085.68,si
235,SARDINA BAHIA ACEITE Y AGUA 125 GR,#21 ENLATADOS,BAHIA,134,1034.0,0.129594,0.0989,0.2948,1.0,B,baja rotación / alta rentabilidad,1500424.76,1058162.72,si
281,COLA 600ml X 12 MANAOS,#10 MANAOS 600 ML,MANAOS,355,757.0,0.468956,0.4502,0.339,1.0,B,baja rotación / alta rentabilidad,5701559.15,3768559.72,si
283,NARANJA 600ml X 12 MANAOS,#10 MANAOS 600 ML,MANAOS,142,240.0,0.591667,0.5773,0.3388,1.0,B,baja rotación / alta rentabilidad,1802438.11,1191784.05,si
284,POMELO BLANCO 600ml X 12  MANAOS,#10 MANAOS 600 ML,MANAOS,120,204.0,0.588235,0.5737,0.3379,1.0,B,baja rotación / alta rentabilidad,1522049.67,1007706.96,si
289,COLA 2.25 lts. X 6 MANAOS,#02 MANAOS 2.25 LTS,MANAOS,111,179.0,0.620112,0.6067,0.3382,1.0,B,baja rotación / alta rentabilidad,1593785.08,1054821.1,si
292,POMELO BLANCO 2.25 LTS. X 6 MANAOS,#02 MANAOS 2.25 LTS,MANAOS,63,90.0,0.7,0.6894,0.3063,1.0,B,baja rotación / alta rentabilidad,755279.03,523937.57,si
293,MANZANA 2.25 LTS. X 6  MANAOS,#02 MANAOS 2.25 LTS,MANAOS,91,111.0,0.81982,0.8135,0.2129,1.0,A,alta rotación / baja rentabilidad,805942.16,634369.0,si
294,COLA S/AZUCAR 2.25 lts. X 6  MANAOS,#02 MANAOS 2.25 LTS,MANAOS,37,53.0,0.698113,0.6875,0.3343,1.0,B,baja rotación / alta rentabilidad,463073.5,308248.9,si
295,COLA 3 lts. X 6  MANAOS,#01 MANAOS 3 LTS,MANAOS,2326,12428.0,0.187158,0.1585,0.2805,1.0,B,baja rotación / alta rentabilidad,103047455.85,74146317.96,si
296,LIMA LIMON 3 LTS. X 6 MANAOS,#01 MANAOS 3 LTS,MANAOS,1064,3450.0,0.308406,0.284,0.2744,1.0,A,alta rotación / baja rentabilidad,28365752.55,20582941.5,si
297,NARANJA 3 lts. X 6 MANAOS,#01 MANAOS 3 LTS,MANAOS,1313,4684.0,0.280316,0.255,0.2705,1.0,A,alta rotación / baja rentabilidad,38307554.23,27945071.88,si
298,UVA 2.25 LTS. X 6 MANAOS,#02 MANAOS 2.25 LTS,MANAOS,13,17.0,0.764706,0.7564,0.3423,1.0,B,baja rotación / alta rentabilidad,159322.3,104785.28,si
299,CITRUS 3 lts. X 6 MANAOS,#01 MANAOS 3 LTS,MANAOS,90,166.0,0.542169,0.526,0.3038,1.0,B,baja rotación / alta rentabilidad,1422495.88,990367.62,si
3,LECHE CHOCOLATADA CRUNCHIP GAONA 18X200ML,#14 ALMACEN,GAONA,17,18.0,0.944444,0.9425,0.3001,1.0,B,baja rotación / alta rentabilidad,245793.4,172021.11,si
300,MANZANA 3 lts. X 6  MANAOS,#01 MANAOS 3 LTS,MANAOS,1605,5170.0,0.310445,0.2861,0.2856,1.0,A,alta rotación / baja rentabilidad,43175537.82,30844581.9,si
301,POMELO BLANCO 3 lts. X 6 MANAOS,#01 MANAOS 3 LTS,MANAOS,1979,7651.0,0.258659,0.2325,0.2866,1.0,B,baja rotación / alta rentabilidad,63981067.18,45646401.57,si
302,GUARANA 3 lts. X 6  MANAOS,#01 MANAOS 3 LTS,MANAOS,258,832.0,0.310096,0.2858,0.2716,1.0,A,alta rotación / baja rentabilidad,6814669.62,4963770.24,si
303,NARANJA 500ml X12 PLACER,#06 PLACER 500 ML,MANAOS,112,168.0,0.666667,0.6549,0.338,1.0,B,baja rotación / alta rentabilidad,1051490.87,696092.82,si
304,POMELO 500ml X12 PLACER,#06 PLACER 500 ML,MANAOS,108,161.0,0.670807,0.6592,0.3383,1.0,B,baja rotación / alta rentabilidad,1008735.48,667516.94,si
305,MANZANA 500ml X12 PLACER,#06 PLACER 500 ML,MANAOS,164,348.0,0.471264,0.4526,0.3393,1.0,B,baja rotación / alta rentabilidad,2201780.07,1454819.55,si
306,PERA 500ml X12 PLACER,#06 PLACER 500 ML,MANAOS,116,220.0,0.527273,0.5106,0.3391,1.0,B,baja rotación / alta rentabilidad,1390325.54,918887.05,si
307,ANANA 500ml X12 PLACER,#06 PLACER 500 ML,MANAOS,122,210.0,0.580952,0.5662,0.3384,1.0,B,baja rotación / alta rentabilidad,1317520.58,871656.78,si
308,MULTIFRUTA 500ml X12 PLACER,#06 PLACER 500 ML,MANAOS,113,176.0,0.642045,0.6294,0.3389,1.0,B,baja rotación / alta rentabilidad,1112527.16,735452.03,si
309,NARANJA 1.5 lts. X6 PLACER,#07 PLACER 1.5 LTS,MANAOS,222,281.0,0.790036,0.7826,0.3383,1.0,B,baja rotación / alta rentabilidad,1678420.04,1110577.94,si
310,POMELO 1.5 lts. X6 PLACER,#07 PLACER 1.5 LTS,MANAOS,268,341.0,0.785924,0.7784,0.3386,1.0,B,baja rotación / alta rentabilidad,2028352.31,1341486.59,si
311,MANZANA 1.5 lts. X6 PLACER,#07 PLACER 1.5 LTS,MANAOS,275,452.0,0.608407,0.5946,0.3388,1.0,B,baja rotación / alta rentabilidad,2704259.68,1788156.08,si
312,PERA 1.5 lts. X6 PLACER,#07 PLACER 1.5 LTS,MANAOS,308,492.0,0.626016,0.6128,0.3361,1.0,B,baja rotación / alta rentabilidad,2926653.12,1942957.23,si
313,ANANA 1.5 lts. X6 PLACER,#07 PLACER 1.5 LTS,MANAOS,337,567.0,0.594356,0.5801,0.3368,1.0,B,baja rotación / alta rentabilidad,3349562.17,2221525.53,si
314,MULTIFRUTA 1.5 lts. X6 PLACER,#07 PLACER 1.5 LTS,MANAOS,340,507.0,0.670611,0.659,0.3378,1.0,B,baja rotación / alta rentabilidad,3020958.87,2000592.03,si
315,SODA SIFON 2 lts. X6 MANAOS,#03 SODA SIFON,MANAOS,688,1733.0,0.396999,0.3758,0.3814,1.0,B,baja rotación / alta rentabilidad,14526084.51,8985814.24,si
316,AGUA 600ml X12 VILLA MANAOS,#04 AGUAS,MANAOS,450,3173.0,0.141822,0.1116,0.3721,1.0,B,baja rotación / alta rentabilidad,14862077.02,9331684.58,si
317,AGUA c/ GAS 600ml X12 VILLA MANAOS,#04 AGUAS,MANAOS,124,203.0,0.610837,0.5971,0.3591,1.0,B,baja rotación / alta rentabilidad,998832.44,640197.04,si
318,AGUA 2 lts. X6 VILLA MANAOS,#04 AGUAS,MANAOS,581,2479.0,0.234369,0.2074,0.3941,1.0,B,baja rotación / alta rentabilidad,10037287.23,6081552.24,si
319,AGUA BIDON 6lts. VILLA MANAOS,#04 AGUAS,MANAOS,263,1875.0,0.140267,0.11,0.4117,1.0,B,baja rotación / alta rentabilidad,3449312.49,2029143.75,si
321,MANZANA 1 LITRO  PINDAPOY,#09 PINDAPOY,PINDAPOY,15,17.0,0.882353,0.8782,0.2824,1.0,A,alta rotación / baja rentabilidad,177272.68,127219.41,si
322,MULTIFRUTA 1 LITRO X8 PINDAPOY,#09 PINDAPOY,PINDAPOY,102,139.0,0.733813,0.7244,0.2816,1.0,A,alta rotación / baja rentabilidad,1469499.72,1055654.88,si
337,NARANJA-DURAZNO S/ AZUCAR 2.25 LTS. X 6 MANAOS,#02 MANAOS 2.25 LTS,MANAOS,91,145.0,0.627586,0.6145,0.3586,1.0,B,baja rotación / alta rentabilidad,1306858.16,838267.68,si
338,POMELO ROSADO 2.25 LTS. X 6 MANAOS,#02 MANAOS 2.25 LTS,MANAOS,174,258.0,0.674419,0.6629,0.3383,1.0,B,baja rotación / alta rentabilidad,2301330.52,1522755.25,si
345,MANZANA 200 CC X18 PINDAPOY,#09 PINDAPOY,PINDAPOY,28,44.0,0.636364,0.6236,0.2868,1.0,A,alta rotación / baja rentabilidad,339250.46,241965.68,si
346,MULTIFRUTA 200 CC X18 PINDAPOY,#09 PINDAPOY,PINDAPOY,109,141.0,0.77305,0.7651,0.2777,1.0,A,alta rotación / baja rentabilidad,883994.4,638522.9,si
356,AGUA EL SANO CORAZON ARGENTINO 1.5 LTS. X 6 S/GAS,#04 AGUAS,MANAOS,173,591.0,0.292724,0.2678,0.3539,1.0,B,baja rotación / alta rentabilidad,2148326.21,1388052.15,si
375,LIMON 3 LTS. X 6 MANAOS,#01 MANAOS 3 LTS,MANAOS,163,293.0,0.556314,0.5407,0.3035,1.0,B,baja rotación / alta rentabilidad,2509619.87,1748058.51,si
379,DURAZNO 200 CC X18 PINDAPOY,#09 PINDAPOY,PINDAPOY,167,239.0,0.698745,0.6881,0.2839,1.0,A,alta rotación / baja rentabilidad,1687785.37,1208614.22,si
380,DURAZNO 1 LITRO PINDAPOY,#09 PINDAPOY,PINDAPOY,105,130.0,0.807692,0.8009,0.2831,1.0,A,alta rotación / baja rentabilidad,1416175.3,1015249.56,si
393,AGUA EL SANO CORAZON ARGENTINO 500 ML X 12 S/GAS,#04 AGUAS,MANAOS,113,346.0,0.32659,0.3029,0.362,1.0,B,baja rotación / alta rentabilidad,1450123.88,925120.96,si
395,GRANADINA 3 LTS X6 MANAOS,#01 MANAOS 3 LTS,MANAOS,201,372.0,0.540323,0.5241,0.3058,1.0,B,baja rotación / alta rentabilidad,3197256.23,2219378.04,si
4,COPOS DE MAIZ AZUCARADOS GAONA 1X200 GR,#14 ALMACEN,GAONA,46,243.0,0.1893,0.1607,0.2968,1.0,B,baja rotación / alta rentabilidad,260406.55,183129.85,si
424,PACK SURTIDO 3 LTS MANAOS,#01 MANAOS 3 LTS,MANAOS,14,33.0,0.424242,0.404,0.285,1.0,A,alta rotación / baja rentabilidad,275355.38,196880.31,no
425,PACK SURTIDO 2.25 LTS MANAOS,#02 MANAOS 2.25 LTS,MANAOS,2,2.0,1.0,1.0,0.3143,1.0,A,alta rotación / baja rentabilidad,16067.36,11016.7,no
427,PACK SURTIDO PLACER 1.5 LTS,#07 PLACER 1.5 LTS,MANAOS,2,2.0,1.0,1.0,0.3426,1.0,A,alta rotación / baja rentabilidad,12363.64,8127.98,no
430,PALITOS DE MAIZ (NARANJA) 5X120G OVNI,#16 SNACK,OVNI,289,645.0,0.448062,0.4286,0.2911,1.0,A,alta rotación / baja rentabilidad,2160329.49,1531513.83,si
431,PALITOS DE MAIZ (NARANJA) 5X50G OVNI,#16 SNACK,OVNI,262,678.0,0.386431,0.3648,0.2908,1.0,A,alta rotación / baja rentabilidad,1096534.63,777673.24,si
432,PALITOS DE MAIZ (AMARILLO) 5X120G OVNI,#16 SNACK,OVNI,423,1064.0,0.397556,0.3763,0.2909,1.0,A,alta rotación / baja rentabilidad,3533086.76,2505222.23,si
433,MAIZ INFLADO / TUTUCA 5X200G OVNI,#16 SNACK,OVNI,316,686.0,0.460641,0.4416,0.2868,1.0,A,alta rotación / baja rentabilidad,3769918.33,2688705.26,si
435,MANI SALADO 5X160G OVNI,#16 SNACK,OVNI,120,154.0,0.779221,0.7714,0.2892,1.0,A,alta rotación / baja rentabilidad,726533.65,516448.64,si
436,PALITOS SALADO 5X150G OVNI,#16 SNACK,OVNI,477,936.0,0.509615,0.4923,0.2898,1.0,A,alta rotación / baja rentabilidad,4352713.07,3091196.08,si
437,MAIZ INFLADO / TUTUCA 5X50G OVNI,#16 SNACK,OVNI,260,454.0,0.572687,0.5576,0.2902,1.0,A,alta rotación / baja rentabilidad,847104.79,601291.48,si
440,PAPAS FRITAS 5X90G OVNI,#16 SNACK,OVNI,496,1093.0,0.453797,0.4346,0.2907,1.0,A,alta rotación / baja rentabilidad,7176921.35,5090534.19,si
441,PELOTITAS DE MAIZ 5X50G OVNI,#16 SNACK,OVNI,87,125.0,0.696,0.6853,0.291,1.0,A,alta rotación / baja rentabilidad,201100.15,142589.88,si
453,PALITOS GALÁCTICO  1X150G OVNI,#16 SNACK,OVNI,118,784.0,0.15051,0.1206,0.2866,1.0,B,baja rotación / alta rentabilidad,1012317.61,722145.67,si
456,AJI MOLIDO BASILIA 1 X 25GR,#14 ALMACEN,BASILIA,29,180.0,0.161111,0.1316,0.2326,1.0,B,baja rotación / alta rentabilidad,63966.96,49091.4,si
457,CHIMICHURRI BASILIA 1 X 25GR,#14 ALMACEN,BASILIA,29,179.0,0.162011,0.1325,0.2307,1.0,B,baja rotación / alta rentabilidad,57694.19,44381.26,si
458,CONDIMENTO PARA PIZZA BASILIA 1 X 25GR,#14 ALMACEN,BASILIA,36,216.0,0.166667,0.1373,0.2368,1.0,B,baja rotación / alta rentabilidad,67834.8,51768.72,si
459,OREGANO BASILIA 1 X 25 GR,#14 ALMACEN,BASILIA,47,301.0,0.156146,0.1264,0.2432,1.0,B,baja rotación / alta rentabilidad,92041.39,69654.41,si
460,PIMIENTA NEGRA MOLIDA BASILIA 1 X 25 GR,#14 ALMACEN,BASILIA,28,143.0,0.195804,0.1675,0.2358,1.0,B,baja rotación / alta rentabilidad,64954.54,49636.73,si
461,PIMENTON BASILIA 1 X 25GR,#14 ALMACEN,BASILIA,40,224.0,0.178571,0.1496,0.2326,1.0,B,baja rotación / alta rentabilidad,79603.35,61091.52,si
462,PROVENZAL BASILIA 1X25 GR,#14 ALMACEN,BASILIA,34,232.0,0.146552,0.1165,0.29,1.0,B,baja rotación / alta rentabilidad,89117.94,63273.36,si
464,CONITOS GALACTICOS 1X180GR OVNI,#16 SNACK,OVNI,41,209.0,0.196172,0.1678,0.2903,1.0,B,baja rotación / alta rentabilidad,629274.35,446584.25,si
469,PIZZETAS GALÁCTICAS X 100GR OVNI,#16 SNACK,OVNI,47,212.0,0.221698,0.1943,0.2836,1.0,B,baja rotación / alta rentabilidad,222464.37,159368.83,si
470,SERRANITOS GALÁCTICOS 1X150GR OVNI,#16 SNACK,OVNI,40,189.0,0.21164,0.1839,0.2908,1.0,B,baja rotación / alta rentabilidad,243694.18,172838.57,si
472,TONICA SIN AZÚCAR MANAOS 2.25 LTS.,#02 MANAOS 2.25 LTS,MANAOS,87,134.0,0.649254,0.6369,0.3572,1.0,B,baja rotación / alta rentabilidad,1203217.27,773388.7,si
5,COPOS DE MAIZ TRADICIONALES GAONA 1X150 GR,#14 ALMACEN,GAONA,20,100.0,0.2,0.1718,0.3031,1.0,B,baja rotación / alta rentabilidad,78512.37,54717.0,si
6,BARRAS DE CEREAL ORIGINAL GAONA 15X23 GR,#14 ALMACEN,GAONA,44,51.0,0.862745,0.8579,0.301,1.0,B,baja rotación / alta rentabilidad,499041.18,348813.97,si
9,BARRAS DE CEREAL YOGUR FRUTILLA GAONA 15X23GR,#14 ALMACEN,GAONA,24,36.0,0.666667,0.6549,0.301,1.0,B,baja rotación / alta rentabilidad,352264.4,246221.64,si
