pedido_ref,cliente_phone,fecha,estado,total,notas,is_mock,es_pedido_abierto,source
PF-000001,5493587905250,2025-06-01 08:27:00,confirmado,4139.99,Pedido histórico field mock,true,false,fase-06-1-field-backbone
PF-000002,5493587905250,2025-06-21 08:09:00,confirmado,5385.82,Pedido histórico field mock,true,false,fase-06-1-field-backbone
PF-000003,5493587905250,2025-07-14 10:17:00,confirmado,15582.48,Pedido histórico field mock,true,false,fase-06-1-field-backbone
PF-000004,5493587905250,2025-08-07 17:57:00,confirmado,30494.14,Pedido histórico field mock,true,false,fase-06-1-field-backbone
PF-000005,5493587905250,2025-08-22 11:16:00,confirmado,7034.15,Pedido histórico field mock,true,false,fase-06-1-field-backbone
PF-000006,5493587905250,2025-09-19 11:07:00,confirmado,16502.45,Pedido histórico field mock,true,false,fase-06-1-field-backbone
PF-000007,5493587905250,2025-10-05 18:51:00,confirmado,10608.72,Pedido histórico field mock,true,false,fase-06-1-field-backbone
PF-000008,5493582641213,2025-06-01 18:07:00,confirmado,8895.00,Pedido histórico field mock,true,false,fase-06-1-field-backbone
PF-000009,5493582641213,2025-06-17 10:45:00,confirmado,15480.00,Pedido histórico field mock,true,false,fase-06-1-field-backbone
PF-000010,5493582641213,2025-07-17 09:48:00,confirmado,3637.50,Pedido histórico field mock,true,false,fase-06-1-field-backbone
PF-000011,5493582641213,2025-08-01 13:18:00,confirmado,7672.50,Pedido histórico field mock,true,false,fase-06-1-field-backbone
PF-000012,5493582641213,2025-08-25 16:34:00,confirmado,11190.00,Pedido histórico field mock,true,false,fase-06-1-field-backbone
PF-000013,5493582641213,2025-09-10 18:38:00,confirmado,17715.00,Pedido histórico field mock,true,false,fase-06-1-field-backbone
PF-000014,5493582641213,2025-10-09 11:19:00,confirmado,14902.50,Pedido histórico field mock,true,false,fase-06-1-field-backbone
PF-000015,5492991227644,2025-06-01 09:03:00,confirmado,9689.98,Pedido histórico field mock,true,false,fase-06-1-field-backbone
PF-000016,5492991227644,2025-06-24 13:00:00,confirmado,7281.65,Pedido histórico field mock,true,false,fase-06-1-field-backbone
PF-000017,5492991227644,2025-07-13 08:51:00,confirmado,7281.65,Pedido histórico field mock,true,false,fase-06-1-field-backbone
PF-000018,5492991227644,2025-08-06 16:29:00,confirmado,11729.99,Pedido histórico field mock,true,false,fase-06-1-field-backbone
PF-000019,5492991227644,2025-08-28 16:13:00,confirmado,17864.14,Pedido histórico field mock,true,false,fase-06-1-field-backbone
PF-000020,5492991227644,2025-09-10 15:32:00,confirmado,11156.23,Pedido histórico field mock,true,false,fase-06-1-field-backbone
PF-000021,5492991227644,2025-10-05 16:15:00,confirmado,4844.99,Pedido histórico field mock,true,false,fase-06-1-field-backbone
PF-000022,5493418277249,2025-06-01 18:53:00,confirmado,15233.33,Pedido histórico field mock,true,false,fase-06-1-field-backbone
PF-000023,5493418277249,2025-06-19 18:37:00,confirmado,15883.34,Pedido histórico field mock,true,false,fase-06-1-field-backbone
PF-000024,5493418277249,2025-07-15 11:43:00,confirmado,8083.34,Pedido histórico field mock,true,false,fase-06-1-field-backbone
PF-000025,5493418277249,2025-07-30 18:44:00,confirmado,5841.67,Pedido histórico field mock,true,false,fase-06-1-field-backbone
PF-000026,5493418277249,2025-08-21 15:32:00,confirmado,21116.68,Pedido histórico field mock,true,false,fase-06-1-field-backbone
PF-000027,5493418277249,2025-09-13 08:47:00,confirmado,89883.34,Pedido histórico field mock,true,false,fase-06-1-field-backbone
PF-000028,5493418277249,2025-10-07 14:08:00,confirmado,11683.34,Pedido histórico field mock,true,false,fase-06-1-field-backbone
PF-000029,5493587747641,2025-06-01 11:21:00,confirmado,16598.33,Pedido histórico field mock,true,false,fase-06-1-field-backbone
PF-000030,5493587747641,2025-06-19 17:25:00,confirmado,12947.08,Pedido histórico field mock,true,false,fase-06-1-field-backbone
PF-000031,5493587747641,2025-07-10 10:10:00,confirmado,5328.33,Pedido histórico field mock,true,false,fase-06-1-field-backbone
PF-000032,5493587747641,2025-08-08 14:22:00,confirmado,17173.32,Pedido histórico field mock,true,false,fase-06-1-field-backbone
PF-000033,5493587747641,2025-08-25 16:34:00,confirmado,19990.82,Pedido histórico field mock,true,false,fase-06-1-field-backbone
PF-000034,5493587747641,2025-09-11 10:33:00,confirmado,12726.66,Pedido histórico field mock,true,false,fase-06-1-field-backbone
PF-000035,5493587747641,2025-09-30 15:20:00,confirmado,12764.99,Pedido histórico field mock,true,false,fase-06-1-field-backbone
PF-000036,5492614053074,2025-06-05 08:11:00,confirmado,8970.00,Pedido histórico field mock,true,false,fase-06-1-field-backbone
PF-000037,5492614053074,2025-06-24 10:07:00,confirmado,11520.00,Pedido histórico field mock,true,false,fase-06-1-field-backbone
PF-000038,5492614053074,2025-07-15 13:13:00,confirmado,8715.00,Pedido histórico field mock,true,false,fase-06-1-field-backbone
PF-000039,5492614053074,2025-07-31 13:59:00,confirmado,13657.50,Pedido histórico field mock,true,false,fase-06-1-field-backbone
PF-000040,5492614053074,2025-08-24 13:29:00,confirmado,16890.00,Pedido histórico field mock,true,false,fase-06-1-field-backbone
PF-000041,5492614053074,2025-09-17 15:03:00,confirmado,6420.00,Pedido histórico field mock,true,false,fase-06-1-field-backbone
PF-000042,5492614053074,2025-10-01 16:37:00,confirmado,3840.00,Pedido histórico field mock,true,false,fase-06-1-field-backbone
PF-000043,5493514079279,2025-06-03 17:40:00,confirmado,6922.53,Pedido histórico field mock,true,false,fase-06-1-field-backbone
PF-000044,5493514079279,2025-06-24 13:46:00,confirmado,6417.48,Pedido histórico field mock,true,false,fase-06-1-field-backbone
PF-000045,5493514079279,2025-07-10 16:55:00,confirmado,2139.16,Pedido histórico field mock,true,false,fase-06-1-field-backbone
PF-000046,5493514079279,2025-08-06 08:30:00,confirmado,4278.32,Pedido histórico field mock,true,false,fase-06-1-field-backbone
PF-000047,5493514079279,2025-08-19 12:23:00,confirmado,8358.31,Pedido histórico field mock,true,false,fase-06-1-field-backbone
PF-000048,5493514079279,2025-09-19 10:59:00,confirmado,9732.47,Pedido histórico field mock,true,false,fase-06-1-field-backbone
PF-000049,5493514079279,2025-10-04 15:16:00,confirmado,7635.81,Pedido histórico field mock,true,false,fase-06-1-field-backbone
PF-000050,5493876914178,2025-06-04 16:12:00,confirmado,12799.98,Pedido histórico field mock,true,false,fase-06-1-field-backbone
PF-000051,5493876914178,2025-06-24 17:32:00,confirmado,10733.31,Pedido histórico field mock,true,false,fase-06-1-field-backbone
PF-000052,5493876914178,2025-07-18 08:19:00,confirmado,4266.66,Pedido histórico field mock,true,false,fase-06-1-field-backbone
PF-000053,5493876914178,2025-08-08 17:39:00,confirmado,6416.66,Pedido histórico field mock,true,false,fase-06-1-field-backbone
PF-000054,5493876914178,2025-08-20 15:14:00,confirmado,11426.65,Pedido histórico field mock,true,false,fase-06-1-field-backbone
PF-000055,5493876914178,2025-09-14 18:23:00,confirmado,14558.31,Pedido histórico field mock,true,false,fase-06-1-field-backbone
PF-000056,5493876914178,2025-10-02 12:10:00,confirmado,11399.98,Pedido histórico field mock,true,false,fase-06-1-field-backbone
PF-000057,5492617175545,2025-06-01 16:43:00,confirmado,20977.93,Pedido histórico field mock,true,false,fase-06-1-field-backbone
PF-000058,5492617175545,2025-06-25 18:08:00,confirmado,14863.75,Pedido histórico field mock,true,false,fase-06-1-field-backbone
PF-000059,5492617175545,2025-07-17 09:20:00,confirmado,3823.75,Pedido histórico field mock,true,false,fase-06-1-field-backbone
PF-000060,5492617175545,2025-07-31 15:40:00,confirmado,20240.00,Pedido histórico field mock,true,false,fase-06-1-field-backbone
PF-000061,5492617175545,2025-08-27 11:11:00,confirmado,6315.41,Pedido histórico field mock,true,false,fase-06-1-field-backbone
PF-000062,5492617175545,2025-09-11 08:31:00,confirmado,8979.59,Pedido histórico field mock,true,false,fase-06-1-field-backbone
PF-000063,5492617175545,2025-10-04 16:24:00,confirmado,24993.34,Pedido histórico field mock,true,false,fase-06-1-field-backbone
PF-000064,5492618861463,2025-06-05 18:53:00,confirmado,12069.98,Pedido histórico field mock,true,false,fase-06-1-field-backbone
PF-000065,5492618861463,2025-06-22 11:21:00,confirmado,3626.66,Pedido histórico field mock,true,false,fase-06-1-field-backbone
PF-000066,5492618861463,2025-07-08 11:16:00,confirmado,14506.64,Pedido histórico field mock,true,false,fase-06-1-field-backbone
PF-000067,5492618861463,2025-07-30 16:16:00,confirmado,14506.64,Pedido histórico field mock,true,false,fase-06-1-field-backbone
PF-000068,5492618861463,2025-08-27 17:23:00,confirmado,13592.91,Pedido histórico field mock,true,false,fase-06-1-field-backbone
PF-000069,5492618861463,2025-09-19 08:06:00,confirmado,10879.98,Pedido histórico field mock,true,false,fase-06-1-field-backbone
PF-000070,5492618861463,2025-10-09 15:22:00,confirmado,16688.31,Pedido histórico field mock,true,false,fase-06-1-field-backbone
PF-000071,5493812941974,2025-06-04 10:51:00,confirmado,11091.66,Pedido histórico field mock,true,false,fase-06-1-field-backbone
PF-000072,5493812941974,2025-07-06 12:27:00,confirmado,6574.99,Pedido histórico field mock,true,false,fase-06-1-field-backbone
PF-000073,5493812941974,2025-08-21 14:55:00,confirmado,21141.68,Pedido histórico field mock,true,false,fase-06-1-field-backbone
PF-000074,5493812941974,2025-09-22 14:36:00,confirmado,7733.33,Pedido histórico field mock,true,false,fase-06-1-field-backbone
PF-000075,5493812941974,2025-10-31 09:05:00,confirmado,7808.34,Pedido histórico field mock,true,false,fase-06-1-field-backbone
PF-000076,5493812941974,2025-12-10 11:50:00,confirmado,21616.65,Pedido histórico field mock,true,false,fase-06-1-field-backbone
PF-000077,5493812941974,2026-01-10 13:54:00,confirmado,10358.33,Pedido histórico field mock,true,false,fase-06-1-field-backbone
PF-000078,5493812941974,2026-04-11 13:12:00,confirmado,4266.66,Pedido reciente field mock,true,false,fase-06-1-field-recent
PF-000079,5493812941974,2026-04-18 12:52:00,confirmado,13899.99,Pedido reciente field mock,true,false,fase-06-1-field-recent
PF-000080,5493812941974,2026-05-06 17:03:00,confirmado,6833.33,Pedido reciente field mock,true,false,fase-06-1-field-recent
PF-000081,5493817404433,2025-06-04 11:49:00,confirmado,16444.99,Pedido histórico field mock,true,false,fase-06-1-field-backbone
PF-000082,5493817404433,2025-07-09 15:27:00,confirmado,21313.32,Pedido histórico field mock,true,false,fase-06-1-field-backbone
PF-000083,5493817404433,2025-08-12 15:52:00,confirmado,15728.16,Pedido histórico field mock,true,false,fase-06-1-field-backbone
PF-000084,5493817404433,2025-09-21 08:19:00,confirmado,9468.33,Pedido histórico field mock,true,false,fase-06-1-field-backbone
PF-000085,5493817404433,2025-11-05 14:41:00,confirmado,11844.99,Pedido histórico field mock,true,false,fase-06-1-field-backbone
PF-000086,5493817404433,2025-12-03 18:22:00,confirmado,11844.99,Pedido histórico field mock,true,false,fase-06-1-field-backbone
PF-000087,5493817404433,2026-01-16 17:32:00,confirmado,23996.64,Pedido histórico field mock,true,false,fase-06-1-field-backbone
PF-000088,5493817404433,2026-04-18 15:18:00,confirmado,7762.49,Pedido reciente field mock,true,false,fase-06-1-field-recent
PF-000089,5493817404433,2026-05-05 18:38:00,confirmado,10656.66,Pedido reciente field mock,true,false,fase-06-1-field-recent
PF-000090,5493817404433,2026-05-16 18:58:00,confirmado,11030.42,Pedido reciente field mock,true,false,fase-06-1-field-recent
PF-000091,5493419686914,2025-06-01 15:37:00,confirmado,11580.00,Pedido histórico field mock,true,false,fase-06-1-field-backbone
PF-000092,5493419686914,2025-07-14 16:23:00,confirmado,9270.00,Pedido histórico field mock,true,false,fase-06-1-field-backbone
PF-000093,5493419686914,2025-08-19 11:10:00,confirmado,20874.00,Pedido histórico field mock,true,false,fase-06-1-field-backbone
PF-000094,5493419686914,2025-09-27 14:38:00,confirmado,11580.00,Pedido histórico field mock,true,false,fase-06-1-field-backbone
PF-000095,5493419686914,2025-10-31 10:32:00,confirmado,8340.00,Pedido histórico field mock,true,false,fase-06-1-field-backbone
PF-000096,5493419686914,2025-12-10 11:30:00,confirmado,9960.00,Pedido histórico field mock,true,false,fase-06-1-field-backbone
PF-000097,5493419686914,2026-01-10 10:41:00,confirmado,14730.00,Pedido histórico field mock,true,false,fase-06-1-field-backbone
PF-000098,5493419686914,2026-04-17 15:56:00,confirmado,5505.00,Pedido reciente field mock,true,false,fase-06-1-field-recent
PF-000099,5493419686914,2026-05-02 14:19:00,confirmado,6165.00,Pedido reciente field mock,true,false,fase-06-1-field-recent
PF-000100,5493419686914,2026-05-19 11:10:00,confirmado,4215.00,Pedido reciente field mock,true,false,fase-06-1-field-recent
PF-000101,5493518648263,2025-06-03 14:42:00,confirmado,8882.49,Pedido histórico field mock,true,false,fase-06-1-field-backbone
PF-000102,5493518648263,2025-07-12 11:56:00,confirmado,11701.66,Pedido histórico field mock,true,false,fase-06-1-field-backbone
PF-000103,5493518648263,2025-08-18 08:45:00,confirmado,11776.74,Pedido histórico field mock,true,false,fase-06-1-field-backbone
PF-000104,5493518648263,2025-09-27 08:25:00,confirmado,4292.49,Pedido histórico field mock,true,false,fase-06-1-field-backbone
PF-000105,5493518648263,2025-11-04 10:48:00,confirmado,4292.49,Pedido histórico field mock,true,false,fase-06-1-field-backbone
PF-000106,5493518648263,2025-12-05 09:05:00,confirmado,12557.32,Pedido histórico field mock,true,false,fase-06-1-field-backbone
PF-000107,5493518648263,2026-01-16 13:42:00,confirmado,5510.83,Pedido histórico field mock,true,false,fase-06-1-field-backbone
PF-000108,5493518648263,2026-04-16 18:37:00,confirmado,6722.08,Pedido reciente field mock,true,false,fase-06-1-field-recent
PF-000109,5493518648263,2026-04-18 10:28:00,confirmado,5737.49,Pedido reciente field mock,true,false,fase-06-1-field-recent
PF-000110,5493518648263,2026-04-27 13:23:00,confirmado,2139.16,Pedido reciente field mock,true,false,fase-06-1-field-recent
PF-000111,5493516216782,2025-06-03 11:06:00,confirmado,19549.99,Pedido histórico field mock,true,false,fase-06-1-field-backbone
PF-000112,5493516216782,2025-07-11 10:29:00,confirmado,7466.66,Pedido histórico field mock,true,false,fase-06-1-field-backbone
PF-000113,5493516216782,2025-08-19 17:12:00,confirmado,16733.32,Pedido histórico field mock,true,false,fase-06-1-field-backbone
PF-000114,5493516216782,2025-09-28 16:23:00,confirmado,15483.31,Pedido histórico field mock,true,false,fase-06-1-field-backbone
PF-000115,5493516216782,2025-11-02 15:09:00,confirmado,18399.98,Pedido histórico field mock,true,false,fase-06-1-field-backbone
PF-000116,5493516216782,2025-12-10 13:21:00,confirmado,18533.32,Pedido histórico field mock,true,false,fase-06-1-field-backbone
PF-000117,5493516216782,2026-01-14 17:12:00,confirmado,14933.32,Pedido histórico field mock,true,false,fase-06-1-field-backbone
PF-000118,5493516216782,2026-04-11 13:34:00,confirmado,7733.33,Pedido reciente field mock,true,false,fase-06-1-field-recent
PF-000119,5493516216782,2026-04-17 09:46:00,confirmado,4999.99,Pedido reciente field mock,true,false,fase-06-1-field-recent
PF-000120,5493516216782,2026-04-30 13:39:00,confirmado,8266.66,Pedido reciente field mock,true,false,fase-06-1-field-recent
PF-000121,5492612780568,2025-06-03 09:24:00,confirmado,9947.49,Pedido histórico field mock,true,false,fase-06-1-field-backbone
PF-000122,5492612780568,2025-07-04 18:26:00,confirmado,6631.66,Pedido histórico field mock,true,false,fase-06-1-field-backbone
PF-000123,5492612780568,2025-08-13 12:16:00,confirmado,9008.32,Pedido histórico field mock,true,false,fase-06-1-field-backbone
PF-000124,5492612780568,2025-09-21 17:11:00,confirmado,10244.57,Pedido histórico field mock,true,false,fase-06-1-field-backbone
PF-000125,5492612780568,2025-10-26 10:33:00,confirmado,5385.83,Pedido histórico field mock,true,false,fase-06-1-field-backbone
PF-000126,5492612780568,2025-12-09 16:15:00,confirmado,12017.49,Pedido histórico field mock,true,false,fase-06-1-field-backbone
PF-000127,5492612780568,2026-01-16 10:23:00,confirmado,57787.49,Pedido histórico field mock,true,false,fase-06-1-field-backbone
PF-000128,5492612780568,2026-04-13 09:20:00,confirmado,14250.42,Pedido reciente field mock,true,false,fase-06-1-field-recent
PF-000129,5492612780568,2026-04-22 15:49:00,confirmado,11020.82,Pedido reciente field mock,true,false,fase-06-1-field-recent
PF-000130,5492612780568,2026-05-17 15:05:00,confirmado,5836.25,Pedido reciente field mock,true,false,fase-06-1-field-recent
PF-000131,5493582639964,2025-06-03 13:55:00,confirmado,75300.00,Pedido histórico field mock,true,false,fase-06-1-field-backbone
PF-000132,5493582639964,2025-07-09 17:45:00,confirmado,10353.75,Pedido histórico field mock,true,false,fase-06-1-field-backbone
PF-000133,5493582639964,2025-08-21 08:46:00,confirmado,7290.00,Pedido histórico field mock,true,false,fase-06-1-field-backbone
PF-000134,5493582639964,2025-09-18 13:26:00,confirmado,15604.50,Pedido histórico field mock,true,false,fase-06-1-field-backbone
PF-000135,5493582639964,2025-11-02 10:39:00,confirmado,11211.00,Pedido histórico field mock,true,false,fase-06-1-field-backbone
PF-000136,5493582639964,2025-12-03 16:51:00,confirmado,6780.00,Pedido histórico field mock,true,false,fase-06-1-field-backbone
PF-000137,5493582639964,2026-01-15 11:18:00,confirmado,4200.00,Pedido histórico field mock,true,false,fase-06-1-field-backbone
PF-000138,5493582639964,2026-04-10 15:01:00,confirmado,4545.00,Pedido reciente field mock,true,false,fase-06-1-field-recent
PF-000139,5493582639964,2026-05-10 09:19:00,confirmado,2595.00,Pedido reciente field mock,true,false,fase-06-1-field-recent
PF-000140,5493582639964,2026-05-14 08:16:00,confirmado,2992.50,Pedido reciente field mock,true,false,fase-06-1-field-recent
PF-000141,5493818437953,2025-06-01 14:32:00,confirmado,18435.00,Pedido histórico field mock,true,false,fase-06-1-field-backbone
PF-000142,5493818437953,2025-07-09 09:08:00,confirmado,10584.75,Pedido histórico field mock,true,false,fase-06-1-field-backbone
PF-000143,5493818437953,2025-08-16 14:36:00,confirmado,14310.00,Pedido histórico field mock,true,false,fase-06-1-field-backbone
PF-000144,5493818437953,2025-09-24 11:35:00,confirmado,12405.00,Pedido histórico field mock,true,false,fase-06-1-field-backbone
PF-000145,5493818437953,2025-11-02 09:18:00,confirmado,10380.00,Pedido histórico field mock,true,false,fase-06-1-field-backbone
PF-000146,5493818437953,2025-12-10 11:33:00,confirmado,47370.00,Pedido histórico field mock,true,false,fase-06-1-field-backbone
PF-000147,5493818437953,2026-01-16 11:17:00,confirmado,18810.00,Pedido histórico field mock,true,false,fase-06-1-field-backbone
PF-000148,5493818437953,2026-04-02 17:46:00,confirmado,7027.50,Pedido reciente field mock,true,false,fase-06-1-field-recent
PF-000149,5493818437953,2026-04-17 09:52:00,confirmado,5505.00,Pedido reciente field mock,true,false,fase-06-1-field-recent
PF-000150,5493818437953,2026-05-17 16:21:00,confirmado,4215.00,Pedido reciente field mock,true,false,fase-06-1-field-recent
PF-000151,5493582132179,2025-06-02 10:01:00,confirmado,57325.41,Pedido histórico field mock,true,false,fase-06-1-field-backbone
PF-000152,5493582132179,2025-07-04 10:15:00,confirmado,15930.41,Pedido histórico field mock,true,false,fase-06-1-field-backbone
PF-000153,5493582132179,2025-08-13 18:38:00,confirmado,17920.83,Pedido histórico field mock,true,false,fase-06-1-field-backbone
PF-000154,5493582132179,2025-09-20 17:59:00,confirmado,29509.16,Pedido histórico field mock,true,false,fase-06-1-field-backbone
PF-000155,5493582132179,2025-10-29 13:55:00,confirmado,13019.17,Pedido histórico field mock,true,false,fase-06-1-field-backbone
PF-000156,5493582132179,2025-12-04 11:58:00,confirmado,17729.59,Pedido histórico field mock,true,false,fase-06-1-field-backbone
PF-000157,5493582132179,2026-01-16 16:15:00,confirmado,15130.01,Pedido histórico field mock,true,false,fase-06-1-field-backbone
PF-000158,5493582132179,2026-04-22 18:05:00,confirmado,4844.99,Pedido reciente field mock,true,false,fase-06-1-field-recent
PF-000159,5493582132179,2026-04-25 15:12:00,confirmado,2748.33,Pedido reciente field mock,true,false,fase-06-1-field-recent
PF-000160,5493582132179,2026-04-27 15:54:00,confirmado,4965.42,Pedido reciente field mock,true,false,fase-06-1-field-recent
PF-000161,5493872845902,2025-06-01 17:58:00,confirmado,14099.98,Pedido histórico field mock,true,false,fase-06-1-field-backbone
PF-000162,5493872845902,2025-07-07 14:32:00,confirmado,7899.98,Pedido histórico field mock,true,false,fase-06-1-field-backbone
PF-000163,5493872845902,2025-08-14 08:36:00,confirmado,5294.15,Pedido histórico field mock,true,false,fase-06-1-field-backbone
PF-000164,5493872845902,2025-09-26 08:45:00,confirmado,8633.31,Pedido histórico field mock,true,false,fase-06-1-field-backbone
PF-000165,5493872845902,2025-10-30 09:01:00,confirmado,12688.30,Pedido histórico field mock,true,false,fase-06-1-field-backbone
PF-000166,5493872845902,2025-12-07 17:01:00,confirmado,7199.98,Pedido histórico field mock,true,false,fase-06-1-field-backbone
PF-000167,5493872845902,2026-01-18 17:41:00,confirmado,9783.31,Pedido histórico field mock,true,false,fase-06-1-field-backbone
PF-000168,5493872845902,2026-04-03 12:55:00,confirmado,8783.33,Pedido reciente field mock,true,false,fase-06-1-field-recent
PF-000169,5493872845902,2026-05-04 13:22:00,confirmado,4683.33,Pedido reciente field mock,true,false,fase-06-1-field-recent
PF-000170,5493872845902,2026-05-14 16:26:00,confirmado,5033.32,Pedido reciente field mock,true,false,fase-06-1-field-recent
PF-000171,5492997670210,2025-06-01 16:03:00,confirmado,22482.49,Pedido histórico field mock,true,false,fase-06-1-field-backbone
PF-000172,5492997670210,2025-07-10 14:17:00,confirmado,20259.17,Pedido histórico field mock,true,false,fase-06-1-field-backbone
PF-000173,5492997670210,2025-08-18 09:52:00,confirmado,11471.25,Pedido histórico field mock,true,false,fase-06-1-field-backbone
PF-000174,5492997670210,2025-09-19 16:25:00,confirmado,13579.58,Pedido histórico field mock,true,false,fase-06-1-field-backbone
PF-000175,5492997670210,2025-11-02 14:31:00,confirmado,11783.66,Pedido histórico field mock,true,false,fase-06-1-field-backbone
PF-000176,5492997670210,2025-12-05 15:08:00,confirmado,10225.42,Pedido histórico field mock,true,false,fase-06-1-field-backbone
PF-000177,5492997670210,2026-01-12 17:50:00,confirmado,20091.44,Pedido histórico field mock,true,false,fase-06-1-field-backbone
PF-000178,5492997670210,2026-04-24 17:54:00,confirmado,2894.16,Pedido reciente field mock,true,false,fase-06-1-field-recent
PF-000179,5492997670210,2026-04-30 14:05:00,confirmado,3823.75,Pedido reciente field mock,true,false,fase-06-1-field-recent
PF-000180,5492997670210,2026-05-07 18:56:00,confirmado,3823.75,Pedido reciente field mock,true,false,fase-06-1-field-recent
PF-000181,5493811657614,2025-06-01 16:45:00,confirmado,15592.50,Pedido histórico field mock,true,false,fase-06-1-field-backbone
PF-000182,5493811657614,2025-07-08 08:43:00,confirmado,11212.50,Pedido histórico field mock,true,false,fase-06-1-field-backbone
PF-000183,5493811657614,2025-08-18 09:54:00,confirmado,16923.75,Pedido histórico field mock,true,false,fase-06-1-field-backbone
PF-000184,5493811657614,2025-09-27 16:49:00,confirmado,11212.50,Pedido histórico field mock,true,false,fase-06-1-field-backbone
PF-000185,5493811657614,2025-11-04 13:45:00,confirmado,20602.50,Pedido histórico field mock,true,false,fase-06-1-field-backbone
PF-000186,5493811657614,2025-12-12 13:33:00,confirmado,7342.50,Pedido histórico field mock,true,false,fase-06-1-field-backbone
PF-000187,5493811657614,2026-01-12 10:56:00,confirmado,9184.50,Pedido histórico field mock,true,false,fase-06-1-field-backbone
PF-000188,5493811657614,2026-04-10 18:47:00,confirmado,4545.00,Pedido reciente field mock,true,false,fase-06-1-field-recent
PF-000189,5493811657614,2026-04-15 16:31:00,confirmado,13702.50,Pedido reciente field mock,true,false,fase-06-1-field-recent
PF-000190,5493811657614,2026-04-19 13:37:00,confirmado,6420.00,Pedido reciente field mock,true,false,fase-06-1-field-recent
PF-000191,5492994145193,2025-06-04 10:30:00,confirmado,6896.33,Pedido histórico field mock,true,false,fase-06-1-field-backbone
PF-000192,5492994145193,2025-07-07 13:03:00,confirmado,5652.50,Pedido histórico field mock,true,false,fase-06-1-field-backbone
PF-000193,5492994145193,2025-08-13 15:54:00,confirmado,19078.97,Pedido histórico field mock,true,false,fase-06-1-field-backbone
PF-000194,5492994145193,2025-09-26 15:24:00,confirmado,13897.50,Pedido histórico field mock,true,false,fase-06-1-field-backbone
PF-000195,5492994145193,2025-11-03 09:13:00,confirmado,4731.67,Pedido histórico field mock,true,false,fase-06-1-field-backbone
PF-000196,5492994145193,2025-12-11 16:21:00,confirmado,11035.83,Pedido histórico field mock,true,false,fase-06-1-field-backbone
PF-000197,5492994145193,2026-01-16 14:33:00,confirmado,6472.75,Pedido histórico field mock,true,false,fase-06-1-field-backbone
PF-000198,5492994145193,2026-04-08 15:20:00,confirmado,3329.16,Pedido reciente field mock,true,false,fase-06-1-field-recent
PF-000199,5492994145193,2026-04-20 08:36:00,confirmado,3123.75,Pedido reciente field mock,true,false,fase-06-1-field-recent
PF-000200,5492994145193,2026-05-18 16:53:00,confirmado,10532.92,Pedido reciente field mock,true,false,fase-06-1-field-recent
PF-000201,5493515971311,2025-06-01 18:49:00,confirmado,13337.49,Pedido histórico field mock,true,false,fase-06-1-field-backbone
PF-000202,5493515971311,2025-07-12 14:34:00,confirmado,10854.99,Pedido histórico field mock,true,false,fase-06-1-field-backbone
PF-000203,5493515971311,2025-08-12 13:24:00,confirmado,16516.67,Pedido histórico field mock,true,false,fase-06-1-field-backbone
PF-000204,5493515971311,2025-09-28 18:03:00,confirmado,24366.65,Pedido histórico field mock,true,false,fase-06-1-field-backbone
PF-000205,5493515971311,2025-10-30 17:56:00,confirmado,12329.16,Pedido histórico field mock,true,false,fase-06-1-field-backbone
PF-000206,5493515971311,2025-12-07 17:59:00,confirmado,12099.99,Pedido histórico field mock,true,false,fase-06-1-field-backbone
PF-000207,5493515971311,2026-01-15 09:50:00,confirmado,4633.33,Pedido histórico field mock,true,false,fase-06-1-field-backbone
PF-000208,5493515971311,2026-04-07 16:39:00,confirmado,5033.32,Pedido reciente field mock,true,false,fase-06-1-field-recent
PF-000209,5493515971311,2026-04-17 14:07:00,confirmado,6099.99,Pedido reciente field mock,true,false,fase-06-1-field-recent
PF-000210,5493515971311,2026-04-29 11:58:00,confirmado,7316.67,Pedido reciente field mock,true,false,fase-06-1-field-recent
PF-000211,5492994228106,2025-06-06 17:51:00,confirmado,13761.67,Pedido histórico field mock,true,false,fase-06-1-field-backbone
PF-000212,5492994228106,2025-07-08 16:04:00,confirmado,9525.83,Pedido histórico field mock,true,false,fase-06-1-field-backbone
PF-000213,5492994228106,2025-08-13 12:40:00,confirmado,21562.49,Pedido histórico field mock,true,false,fase-06-1-field-backbone
PF-000214,5492994228106,2025-09-21 09:07:00,confirmado,14480.41,Pedido histórico field mock,true,false,fase-06-1-field-backbone
PF-000215,5492994228106,2025-11-04 13:45:00,confirmado,14470.83,Pedido histórico field mock,true,false,fase-06-1-field-backbone
PF-000216,5492994228106,2025-12-04 16:49:00,confirmado,14221.66,Pedido histórico field mock,true,false,fase-06-1-field-backbone
PF-000217,5492994228106,2026-01-18 12:17:00,confirmado,23946.83,Pedido histórico field mock,true,false,fase-06-1-field-backbone
PF-000218,5492994228106,2026-04-06 18:25:00,confirmado,11844.99,Pedido reciente field mock,true,false,fase-06-1-field-recent
PF-000219,5492994228106,2026-04-10 17:17:00,confirmado,9813.32,Pedido reciente field mock,true,false,fase-06-1-field-recent
PF-000220,5492994228106,2026-05-03 13:37:00,confirmado,15984.99,Pedido reciente field mock,true,false,fase-06-1-field-recent
PF-000221,5492998718887,2025-06-01 10:24:00,confirmado,13226.25,Pedido histórico field mock,true,false,fase-06-1-field-backbone
PF-000222,5492998718887,2025-07-11 10:17:00,confirmado,9360.00,Pedido histórico field mock,true,false,fase-06-1-field-backbone
PF-000223,5492998718887,2025-08-19 08:44:00,confirmado,11632.50,Pedido histórico field mock,true,false,fase-06-1-field-backbone
PF-000224,5492998718887,2025-09-19 17:14:00,confirmado,9195.00,Pedido histórico field mock,true,false,fase-06-1-field-backbone
PF-000225,5492998718887,2025-11-03 17:55:00,confirmado,11698.50,Pedido histórico field mock,true,false,fase-06-1-field-backbone
PF-000226,5492998718887,2025-12-06 12:32:00,confirmado,12427.50,Pedido histórico field mock,true,false,fase-06-1-field-backbone
PF-000227,5492998718887,2026-01-17 15:46:00,confirmado,19674.00,Pedido histórico field mock,true,false,fase-06-1-field-backbone
PF-000228,5492998718887,2026-04-05 10:21:00,confirmado,7117.50,Pedido reciente field mock,true,false,fase-06-1-field-recent
PF-000229,5492998718887,2026-04-20 12:33:00,confirmado,4942.50,Pedido reciente field mock,true,false,fase-06-1-field-recent
PF-000230,5492998718887,2026-05-08 18:50:00,confirmado,3555.00,Pedido reciente field mock,true,false,fase-06-1-field-recent
PF-000231,5493814729528,2025-06-01 13:47:00,confirmado,2748.33,Pedido histórico field mock,true,false,fase-06-1-field-backbone
PF-000232,5493814729528,2025-07-12 15:14:00,confirmado,21145.87,Pedido histórico field mock,true,false,fase-06-1-field-backbone
PF-000233,5493814729528,2025-08-11 12:59:00,confirmado,6403.32,Pedido histórico field mock,true,false,fase-06-1-field-backbone
PF-000234,5493814729528,2025-09-23 15:43:00,confirmado,10015.82,Pedido histórico field mock,true,false,fase-06-1-field-backbone
PF-000235,5493814729528,2025-10-31 13:07:00,confirmado,3966.66,Pedido histórico field mock,true,false,fase-06-1-field-backbone
PF-000236,5493814729528,2025-12-10 16:13:00,confirmado,15073.32,Pedido histórico field mock,true,false,fase-06-1-field-backbone
PF-000237,5493814729528,2026-01-20 18:50:00,confirmado,9463.32,Pedido histórico field mock,true,false,fase-06-1-field-backbone
PF-000238,5493814729528,2026-04-04 10:04:00,confirmado,3966.66,Pedido reciente field mock,true,false,fase-06-1-field-recent
PF-000239,5493814729528,2026-04-12 15:08:00,confirmado,3980.82,Pedido reciente field mock,true,false,fase-06-1-field-recent
PF-000240,5493814729528,2026-04-25 13:05:00,confirmado,9661.65,Pedido reciente field mock,true,false,fase-06-1-field-recent
PF-000241,5493876922419,2025-06-04 14:34:00,confirmado,6816.65,Pedido histórico field mock,true,false,fase-06-1-field-backbone
PF-000242,5493876922419,2025-07-13 10:05:00,confirmado,16349.98,Pedido histórico field mock,true,false,fase-06-1-field-backbone
PF-000243,5493876922419,2025-08-17 13:46:00,confirmado,13379.98,Pedido histórico field mock,true,false,fase-06-1-field-backbone
PF-000244,5493876922419,2025-09-27 12:37:00,confirmado,11295.81,Pedido histórico field mock,true,false,fase-06-1-field-backbone
PF-000245,5493876922419,2025-11-02 10:52:00,confirmado,6916.66,Pedido histórico field mock,true,false,fase-06-1-field-backbone
PF-000246,5493876922419,2025-12-04 11:02:00,confirmado,7649.99,Pedido histórico field mock,true,false,fase-06-1-field-backbone
PF-000247,5493876922419,2026-01-16 17:57:00,confirmado,11049.98,Pedido histórico field mock,true,false,fase-06-1-field-backbone
PF-000248,5493876922419,2026-04-27 12:03:00,confirmado,6466.66,Pedido reciente field mock,true,false,fase-06-1-field-recent
PF-000249,5493876922419,2026-05-11 18:46:00,confirmado,7566.66,Pedido reciente field mock,true,false,fase-06-1-field-recent
PF-000250,5493876922419,2026-05-18 13:51:00,confirmado,7316.67,Pedido reciente field mock,true,false,fase-06-1-field-recent
PF-000251,5492618889598,2025-06-01 16:41:00,confirmado,13109.98,Pedido histórico field mock,true,false,fase-06-1-field-backbone
PF-000252,5492618889598,2025-07-05 12:29:00,confirmado,15620.82,Pedido histórico field mock,true,false,fase-06-1-field-backbone
PF-000253,5492618889598,2025-08-11 13:14:00,confirmado,22639.65,Pedido histórico field mock,true,false,fase-06-1-field-backbone
PF-000254,5492618889598,2025-09-28 17:22:00,confirmado,14681.65,Pedido histórico field mock,true,false,fase-06-1-field-backbone
PF-000255,5492618889598,2025-11-02 11:21:00,confirmado,9142.49,Pedido histórico field mock,true,false,fase-06-1-field-backbone
PF-000256,5492618889598,2025-12-07 18:15:00,confirmado,17264.35,Pedido histórico field mock,true,false,fase-06-1-field-backbone
PF-000257,5492618889598,2026-01-14 15:10:00,confirmado,11423.32,Pedido histórico field mock,true,false,fase-06-1-field-backbone
PF-000258,5492618889598,2026-04-11 18:08:00,confirmado,9382.09,Pedido reciente field mock,true,false,fase-06-1-field-recent
PF-000259,5492618889598,2026-04-17 14:56:00,confirmado,12726.66,Pedido reciente field mock,true,false,fase-06-1-field-recent
PF-000260,5492618889598,2026-04-20 08:11:00,confirmado,4561.66,Pedido reciente field mock,true,false,fase-06-1-field-recent
PF-000261,5492615021286,2025-06-05 09:44:00,confirmado,43290.00,Pedido histórico field mock,true,false,fase-06-1-field-backbone
PF-000262,5492615021286,2025-07-10 14:48:00,confirmado,12465.00,Pedido histórico field mock,true,false,fase-06-1-field-backbone
PF-000263,5492615021286,2025-08-20 10:39:00,confirmado,14130.00,Pedido histórico field mock,true,false,fase-06-1-field-backbone
PF-000264,5492615021286,2025-09-26 12:55:00,confirmado,13737.75,Pedido histórico field mock,true,false,fase-06-1-field-backbone
PF-000265,5492615021286,2025-10-27 13:32:00,confirmado,15060.00,Pedido histórico field mock,true,false,fase-06-1-field-backbone
PF-000266,5492615021286,2025-12-04 08:08:00,confirmado,7410.00,Pedido histórico field mock,true,false,fase-06-1-field-backbone
PF-000267,5492615021286,2026-01-14 12:41:00,confirmado,77362.50,Pedido histórico field mock,true,false,fase-06-1-field-backbone
PF-000268,5492615021286,2026-04-19 08:39:00,confirmado,7110.00,Pedido reciente field mock,true,false,fase-06-1-field-recent
PF-000269,5492615021286,2026-05-02 09:45:00,confirmado,12510.00,Pedido reciente field mock,true,false,fase-06-1-field-recent
PF-000270,5492615021286,2026-05-13 17:01:00,confirmado,11152.50,Pedido reciente field mock,true,false,fase-06-1-field-recent
PF-000271,5493813520000,2025-06-02 15:45:00,confirmado,6346.66,Pedido histórico field mock,true,false,fase-06-1-field-backbone
PF-000272,5493813520000,2025-07-05 17:51:00,confirmado,12050.87,Pedido histórico field mock,true,false,fase-06-1-field-backbone
PF-000273,5493813520000,2025-08-17 14:30:00,confirmado,14770.85,Pedido histórico field mock,true,false,fase-06-1-field-backbone
PF-000274,5493813520000,2025-09-28 09:24:00,confirmado,13344.99,Pedido histórico field mock,true,false,fase-06-1-field-backbone
PF-000275,5493813520000,2025-10-29 15:57:00,confirmado,10950.83,Pedido histórico field mock,true,false,fase-06-1-field-backbone
PF-000276,5493813520000,2025-12-04 09:14:00,confirmado,56071.66,Pedido histórico field mock,true,false,fase-06-1-field-backbone
PF-000277,5493813520000,2026-01-15 14:35:00,confirmado,13429.98,Pedido histórico field mock,true,false,fase-06-1-field-backbone
PF-000278,5493813520000,2026-04-01 15:25:00,confirmado,3980.83,Pedido reciente field mock,true,false,fase-06-1-field-recent
PF-000279,5493813520000,2026-04-13 14:04:00,confirmado,6573.33,Pedido reciente field mock,true,false,fase-06-1-field-recent
PF-000280,5493813520000,2026-05-15 14:09:00,confirmado,5652.50,Pedido reciente field mock,true,false,fase-06-1-field-recent
PF-000281,5492997489876,2025-06-04 11:20:00,confirmado,84133.32,Pedido histórico field mock,true,false,fase-06-1-field-backbone
PF-000282,5492997489876,2025-07-13 16:05:00,confirmado,14199.98,Pedido histórico field mock,true,false,fase-06-1-field-backbone
PF-000283,5492997489876,2025-08-19 11:46:00,confirmado,11399.98,Pedido histórico field mock,true,false,fase-06-1-field-backbone
PF-000284,5492997489876,2025-09-19 17:10:00,confirmado,11879.15,Pedido histórico field mock,true,false,fase-06-1-field-backbone
PF-000285,5492997489876,2025-10-30 13:39:00,confirmado,12216.66,Pedido histórico field mock,true,false,fase-06-1-field-backbone
PF-000286,5492997489876,2025-12-07 14:38:00,confirmado,18174.97,Pedido histórico field mock,true,false,fase-06-1-field-backbone
PF-000287,5492997489876,2026-01-20 13:22:00,confirmado,12316.64,Pedido histórico field mock,true,false,fase-06-1-field-backbone
PF-000288,5492997489876,2026-04-14 08:25:00,confirmado,4633.33,Pedido reciente field mock,true,false,fase-06-1-field-recent
PF-000289,5492997489876,2026-04-21 11:12:00,confirmado,12099.99,Pedido reciente field mock,true,false,fase-06-1-field-recent
PF-000290,5492997489876,2026-04-24 17:35:00,confirmado,6749.99,Pedido reciente field mock,true,false,fase-06-1-field-recent
PF-000291,5493519107005,2025-06-01 14:05:00,confirmado,5385.82,Pedido histórico field mock,true,false,fase-06-1-field-backbone
PF-000292,5493519107005,2025-07-08 14:40:00,confirmado,10388.33,Pedido histórico field mock,true,false,fase-06-1-field-backbone
PF-000293,5493519107005,2025-08-17 08:21:00,confirmado,24264.97,Pedido histórico field mock,true,false,fase-06-1-field-backbone
PF-000294,5493519107005,2025-09-28 12:51:00,confirmado,8944.11,Pedido histórico field mock,true,false,fase-06-1-field-backbone
PF-000295,5493519107005,2025-10-29 14:09:00,confirmado,6190.82,Pedido histórico field mock,true,false,fase-06-1-field-backbone
PF-000296,5493519107005,2025-12-10 10:07:00,confirmado,15984.98,Pedido histórico field mock,true,false,fase-06-1-field-backbone
PF-000297,5493519107005,2026-01-20 16:23:00,confirmado,16272.47,Pedido histórico field mock,true,false,fase-06-1-field-backbone
PF-000298,5493519107005,2026-05-08 11:14:00,confirmado,11365.84,Pedido reciente field mock,true,false,fase-06-1-field-recent
PF-000299,5493519107005,2026-05-10 18:31:00,confirmado,5788.33,Pedido reciente field mock,true,false,fase-06-1-field-recent
PF-000300,5493519107005,2026-05-14 08:44:00,confirmado,6554.99,Pedido reciente field mock,true,false,fase-06-1-field-recent
PF-000301,5493874104594,2025-06-03 10:42:00,confirmado,17610.00,Pedido histórico field mock,true,false,fase-06-1-field-backbone
PF-000302,5493874104594,2025-07-06 18:16:00,confirmado,16533.75,Pedido histórico field mock,true,false,fase-06-1-field-backbone
PF-000303,5493874104594,2025-08-17 15:22:00,confirmado,9195.00,Pedido histórico field mock,true,false,fase-06-1-field-backbone
PF-000304,5493874104594,2025-09-19 11:13:00,confirmado,16597.50,Pedido histórico field mock,true,false,fase-06-1-field-backbone
PF-000305,5493874104594,2025-10-26 11:13:00,confirmado,6615.00,Pedido histórico field mock,true,false,fase-06-1-field-backbone
PF-000306,5493874104594,2025-12-06 16:01:00,confirmado,11452.50,Pedido histórico field mock,true,false,fase-06-1-field-backbone
PF-000307,5493874104594,2026-01-18 16:28:00,confirmado,14040.00,Pedido histórico field mock,true,false,fase-06-1-field-backbone
PF-000308,5493874104594,2026-04-25 14:47:00,confirmado,3307.50,Pedido reciente field mock,true,false,fase-06-1-field-recent
PF-000309,5493874104594,2026-05-14 12:07:00,confirmado,8730.00,Pedido reciente field mock,true,false,fase-06-1-field-recent
PF-000310,5493874104594,2026-05-20 13:27:00,confirmado,7680.00,Pedido reciente field mock,true,false,fase-06-1-field-recent
PF-000311,5492995028869,2025-06-01 17:37:00,confirmado,63041.67,Pedido histórico field mock,true,false,fase-06-1-field-backbone
PF-000312,5492995028869,2025-07-05 08:15:00,confirmado,33320.00,Pedido histórico field mock,true,false,fase-06-1-field-backbone
PF-000313,5492995028869,2025-08-20 16:49:00,confirmado,15788.76,Pedido histórico field mock,true,false,fase-06-1-field-backbone
PF-000314,5492995028869,2025-09-27 13:47:00,confirmado,11035.83,Pedido histórico field mock,true,false,fase-06-1-field-backbone
PF-000315,5492995028869,2025-10-29 16:04:00,confirmado,4313.75,Pedido histórico field mock,true,false,fase-06-1-field-backbone
PF-000316,5492995028869,2025-12-03 11:17:00,confirmado,13784.17,Pedido histórico field mock,true,false,fase-06-1-field-backbone
PF-000317,5492995028869,2026-01-17 17:49:00,confirmado,6219.17,Pedido histórico field mock,true,false,fase-06-1-field-backbone
PF-000318,5492995028869,2026-04-15 09:25:00,confirmado,6573.33,Pedido reciente field mock,true,false,fase-06-1-field-recent
PF-000319,5492995028869,2026-05-02 12:24:00,confirmado,3059.99,Pedido reciente field mock,true,false,fase-06-1-field-recent
PF-000320,5492995028869,2026-05-17 18:31:00,confirmado,3980.83,Pedido reciente field mock,true,false,fase-06-1-field-recent
PF-000321,5493517304254,2025-06-05 09:04:00,confirmado,7199.98,Pedido histórico field mock,true,false,fase-06-1-field-backbone
PF-000322,5493517304254,2025-07-09 12:12:00,confirmado,6466.65,Pedido histórico field mock,true,false,fase-06-1-field-backbone
PF-000323,5493517304254,2025-08-19 15:32:00,confirmado,19216.65,Pedido histórico field mock,true,false,fase-06-1-field-backbone
PF-000324,5493517304254,2025-09-28 13:57:00,confirmado,2516.66,Pedido histórico field mock,true,false,fase-06-1-field-backbone
PF-000325,5493517304254,2025-11-05 15:27:00,confirmado,6383.32,Pedido histórico field mock,true,false,fase-06-1-field-backbone
PF-000326,5493517304254,2025-12-10 18:36:00,confirmado,4683.32,Pedido histórico field mock,true,false,fase-06-1-field-backbone
PF-000327,5493517304254,2026-01-10 08:45:00,confirmado,11699.98,Pedido histórico field mock,true,false,fase-06-1-field-backbone
PF-000328,5493517304254,2026-04-04 17:39:00,confirmado,6116.65,Pedido reciente field mock,true,false,fase-06-1-field-recent
PF-000329,5493517304254,2026-04-27 14:03:00,confirmado,8916.65,Pedido reciente field mock,true,false,fase-06-1-field-recent
PF-000330,5493517304254,2026-05-13 10:57:00,confirmado,10150.00,Pedido reciente field mock,true,false,fase-06-1-field-recent
PF-000331,5493416986538,2025-06-01 10:57:00,confirmado,9870.82,Pedido histórico field mock,true,false,fase-06-1-field-backbone
PF-000332,5493416986538,2025-07-07 09:01:00,confirmado,14317.49,Pedido histórico field mock,true,false,fase-06-1-field-backbone
PF-000333,5493416986538,2025-08-15 13:30:00,confirmado,17349.66,Pedido histórico field mock,true,false,fase-06-1-field-backbone
PF-000334,5493416986538,2025-09-27 11:36:00,confirmado,11126.24,Pedido histórico field mock,true,false,fase-06-1-field-backbone
PF-000335,5493416986538,2025-10-28 16:30:00,confirmado,79254.16,Pedido histórico field mock,true,false,fase-06-1-field-backbone
PF-000336,5493416986538,2025-12-11 18:37:00,confirmado,6069.12,Pedido histórico field mock,true,false,fase-06-1-field-backbone
PF-000337,5493416986538,2026-01-13 10:06:00,confirmado,21773.32,Pedido histórico field mock,true,false,fase-06-1-field-backbone
PF-000338,5493416986538,2026-04-08 13:47:00,confirmado,6631.66,Pedido reciente field mock,true,false,fase-06-1-field-recent
PF-000339,5493416986538,2026-04-16 14:36:00,confirmado,5385.83,Pedido reciente field mock,true,false,fase-06-1-field-recent
PF-000340,5493416986538,2026-04-20 12:22:00,confirmado,7455.83,Pedido reciente field mock,true,false,fase-06-1-field-recent
PF-000341,5492619239862,2025-06-04 10:29:00,confirmado,25890.00,Pedido histórico field mock,true,false,fase-06-1-field-backbone
PF-000342,5492619239862,2025-07-10 15:38:00,confirmado,8042.25,Pedido histórico field mock,true,false,fase-06-1-field-backbone
PF-000343,5492619239862,2025-08-13 15:10:00,confirmado,11542.50,Pedido histórico field mock,true,false,fase-06-1-field-backbone
PF-000344,5492619239862,2025-09-25 16:19:00,confirmado,6960.00,Pedido histórico field mock,true,false,fase-06-1-field-backbone
PF-000345,5492619239862,2025-11-03 17:15:00,confirmado,18007.50,Pedido histórico field mock,true,false,fase-06-1-field-backbone
PF-000346,5492619239862,2025-12-07 18:38:00,confirmado,7935.00,Pedido histórico field mock,true,false,fase-06-1-field-backbone
PF-000347,5492619239862,2026-01-12 15:48:00,confirmado,85912.50,Pedido histórico field mock,true,false,fase-06-1-field-backbone
PF-000348,5492619239862,2026-04-07 17:59:00,confirmado,6165.00,Pedido reciente field mock,true,false,fase-06-1-field-recent
PF-000349,5492619239862,2026-04-17 16:30:00,confirmado,4530.00,Pedido reciente field mock,true,false,fase-06-1-field-recent
PF-000350,5492619239862,2026-05-18 16:54:00,confirmado,10230.00,Pedido reciente field mock,true,false,fase-06-1-field-recent
PF-000351,5493513952681,2025-06-01 08:39:00,confirmado,5454.16,Pedido histórico field mock,true,false,fase-06-1-field-backbone
PF-000352,5493513952681,2025-07-11 18:29:00,confirmado,72561.66,Pedido histórico field mock,true,false,fase-06-1-field-backbone
PF-000353,5493513952681,2025-08-18 15:21:00,confirmado,4901.65,Pedido histórico field mock,true,false,fase-06-1-field-backbone
PF-000354,5493513952681,2025-09-26 10:58:00,confirmado,6417.48,Pedido histórico field mock,true,false,fase-06-1-field-backbone
PF-000355,5493513952681,2025-10-30 15:45:00,confirmado,6417.48,Pedido histórico field mock,true,false,fase-06-1-field-backbone
PF-000356,5493513952681,2025-12-08 14:34:00,confirmado,13274.15,Pedido histórico field mock,true,false,fase-06-1-field-backbone
PF-000357,5493513952681,2026-01-17 18:17:00,confirmado,6119.98,Pedido histórico field mock,true,false,fase-06-1-field-backbone
PF-000358,5493513952681,2026-05-08 17:33:00,confirmado,5560.41,Pedido reciente field mock,true,false,fase-06-1-field-recent
PF-000359,5493513952681,2026-05-10 12:34:00,confirmado,3747.08,Pedido reciente field mock,true,false,fase-06-1-field-recent
PF-000360,5493513952681,2026-05-15 10:57:00,confirmado,3371.66,Pedido reciente field mock,true,false,fase-06-1-field-recent
PF-000361,5493414799650,2025-06-04 18:12:00,confirmado,9433.32,Pedido histórico field mock,true,false,fase-06-1-field-backbone
PF-000362,5493414799650,2025-07-09 09:21:00,confirmado,19599.13,Pedido histórico field mock,true,false,fase-06-1-field-backbone
PF-000363,5493414799650,2025-08-16 10:53:00,confirmado,13016.64,Pedido histórico field mock,true,false,fase-06-1-field-backbone
PF-000364,5493414799650,2025-09-24 08:25:00,confirmado,12599.98,Pedido histórico field mock,true,false,fase-06-1-field-backbone
PF-000365,5493414799650,2025-10-27 12:58:00,confirmado,9949.99,Pedido histórico field mock,true,false,fase-06-1-field-backbone
PF-000366,5493414799650,2025-12-13 16:02:00,confirmado,6749.99,Pedido histórico field mock,true,false,fase-06-1-field-backbone
PF-000367,5493414799650,2026-01-12 18:32:00,confirmado,8916.65,Pedido histórico field mock,true,false,fase-06-1-field-backbone
PF-000368,5493414799650,2026-04-02 08:24:00,confirmado,5566.67,Pedido reciente field mock,true,false,fase-06-1-field-recent
PF-000369,5493414799650,2026-04-04 12:11:00,confirmado,7099.99,Pedido reciente field mock,true,false,fase-06-1-field-recent
PF-000370,5493414799650,2026-04-20 16:48:00,confirmado,8158.34,Pedido reciente field mock,true,false,fase-06-1-field-recent
PF-000371,5492992500733,2025-06-01 11:41:00,confirmado,27734.17,Pedido histórico field mock,true,false,fase-06-1-field-backbone
PF-000372,5492992500733,2025-07-04 16:36:00,confirmado,22635.81,Pedido histórico field mock,true,false,fase-06-1-field-backbone
PF-000373,5492992500733,2025-08-20 08:32:00,confirmado,13109.98,Pedido histórico field mock,true,false,fase-06-1-field-backbone
PF-000374,5492992500733,2025-09-25 11:10:00,confirmado,17978.31,Pedido histórico field mock,true,false,fase-06-1-field-backbone
PF-000375,5492992500733,2025-11-01 18:15:00,confirmado,13071.65,Pedido histórico field mock,true,false,fase-06-1-field-backbone
PF-000376,5492992500733,2025-12-12 08:24:00,confirmado,6554.99,Pedido histórico field mock,true,false,fase-06-1-field-backbone
PF-000377,5492992500733,2026-01-13 10:27:00,confirmado,9851.65,Pedido histórico field mock,true,false,fase-06-1-field-backbone
PF-000378,5492992500733,2026-04-16 12:50:00,confirmado,7647.50,Pedido reciente field mock,true,false,fase-06-1-field-recent
PF-000379,5492992500733,2026-05-07 14:20:00,confirmado,5807.49,Pedido reciente field mock,true,false,fase-06-1-field-recent
PF-000380,5492992500733,2026-05-12 13:00:00,confirmado,11873.76,Pedido reciente field mock,true,false,fase-06-1-field-recent
PF-000381,5492615139305,2025-06-04 17:43:00,confirmado,20865.00,Pedido histórico field mock,true,false,fase-06-1-field-backbone
PF-000382,5492615139305,2025-07-14 12:08:00,confirmado,11366.25,Pedido histórico field mock,true,false,fase-06-1-field-backbone
PF-000383,5492615139305,2025-08-19 16:54:00,confirmado,6450.00,Pedido histórico field mock,true,false,fase-06-1-field-backbone
PF-000384,5492615139305,2025-09-24 11:06:00,confirmado,20865.00,Pedido histórico field mock,true,false,fase-06-1-field-backbone
PF-000385,5492615139305,2025-11-02 09:05:00,confirmado,7050.00,Pedido histórico field mock,true,false,fase-06-1-field-backbone
PF-000386,5492615139305,2025-12-03 13:17:00,confirmado,18273.00,Pedido histórico field mock,true,false,fase-06-1-field-backbone
PF-000387,5492615139305,2026-01-17 10:16:00,confirmado,4500.00,Pedido histórico field mock,true,false,fase-06-1-field-backbone
PF-000388,5492615139305,2026-04-22 10:51:00,confirmado,3570.00,Pedido reciente field mock,true,false,fase-06-1-field-recent
PF-000389,5492615139305,2026-04-24 16:06:00,confirmado,4845.00,Pedido reciente field mock,true,false,fase-06-1-field-recent
PF-000390,5492615139305,2026-04-27 17:01:00,confirmado,9960.00,Pedido reciente field mock,true,false,fase-06-1-field-recent
PF-000391,5492617413812,2025-06-05 08:20:00,confirmado,17255.00,Pedido histórico field mock,true,false,fase-06-1-field-backbone
PF-000392,5492617413812,2025-07-12 14:06:00,confirmado,20626.67,Pedido histórico field mock,true,false,fase-06-1-field-backbone
PF-000393,5492617413812,2025-08-19 09:22:00,confirmado,11035.83,Pedido histórico field mock,true,false,fase-06-1-field-backbone
PF-000394,5492617413812,2025-09-25 14:14:00,confirmado,15349.58,Pedido histórico field mock,true,false,fase-06-1-field-backbone
PF-000395,5492617413812,2025-10-31 11:19:00,confirmado,17502.91,Pedido histórico field mock,true,false,fase-06-1-field-backbone
PF-000396,5492617413812,2025-12-03 12:49:00,confirmado,20959.58,Pedido histórico field mock,true,false,fase-06-1-field-backbone
PF-000397,5492617413812,2026-01-19 18:30:00,confirmado,9130.41,Pedido histórico field mock,true,false,fase-06-1-field-backbone
PF-000398,5492617413812,2026-04-09 13:14:00,confirmado,5170.82,Pedido reciente field mock,true,false,fase-06-1-field-recent
PF-000399,5492617413812,2026-04-15 08:55:00,confirmado,4249.99,Pedido reciente field mock,true,false,fase-06-1-field-recent
PF-000400,5492617413812,2026-05-02 08:44:00,confirmado,8124.59,Pedido reciente field mock,true,false,fase-06-1-field-recent
PF-000401,5492617236955,2025-06-04 13:22:00,confirmado,10945.81,Pedido histórico field mock,true,false,fase-06-1-field-backbone
PF-000402,5492617236955,2025-07-09 10:37:00,confirmado,10716.64,Pedido histórico field mock,true,false,fase-06-1-field-backbone
PF-000403,5492617236955,2025-08-16 11:05:00,confirmado,8571.65,Pedido histórico field mock,true,false,fase-06-1-field-backbone
PF-000404,5492617236955,2025-09-25 16:43:00,confirmado,5766.65,Pedido histórico field mock,true,false,fase-06-1-field-backbone
PF-000405,5492617236955,2025-10-29 08:17:00,confirmado,8491.64,Pedido histórico field mock,true,false,fase-06-1-field-backbone
PF-000406,5492617236955,2025-12-09 16:26:00,confirmado,7541.65,Pedido histórico field mock,true,false,fase-06-1-field-backbone
PF-000407,5492617236955,2026-01-18 10:12:00,confirmado,11486.65,Pedido histórico field mock,true,false,fase-06-1-field-backbone
PF-000408,5492617236955,2026-04-09 10:01:00,confirmado,8083.34,Pedido reciente field mock,true,false,fase-06-1-field-recent
PF-000409,5492617236955,2026-04-11 11:37:00,confirmado,5383.32,Pedido reciente field mock,true,false,fase-06-1-field-recent
PF-000410,5492617236955,2026-05-13 16:03:00,confirmado,12125.01,Pedido reciente field mock,true,false,fase-06-1-field-recent
PF-000411,5492612928724,2025-06-04 09:13:00,confirmado,9084.99,Pedido histórico field mock,true,false,fase-06-1-field-backbone
PF-000412,5492612928724,2025-07-11 12:52:00,confirmado,9506.66,Pedido histórico field mock,true,false,fase-06-1-field-backbone
PF-000413,5492612928724,2025-08-19 17:47:00,confirmado,17345.82,Pedido histórico field mock,true,false,fase-06-1-field-backbone
PF-000414,5492612928724,2025-09-25 13:26:00,confirmado,20036.82,Pedido histórico field mock,true,false,fase-06-1-field-backbone
PF-000415,5492612928724,2025-10-30 09:11:00,confirmado,14591.58,Pedido histórico field mock,true,false,fase-06-1-field-backbone
PF-000416,5492612928724,2025-12-04 12:54:00,confirmado,14949.98,Pedido histórico field mock,true,false,fase-06-1-field-backbone
PF-000417,5492612928724,2026-01-14 17:53:00,confirmado,5366.66,Pedido histórico field mock,true,false,fase-06-1-field-backbone
PF-000418,5492612928724,2026-04-13 15:22:00,confirmado,7436.65,Pedido reciente field mock,true,false,fase-06-1-field-recent
PF-000419,5492612928724,2026-04-28 12:37:00,confirmado,8164.99,Pedido reciente field mock,true,false,fase-06-1-field-recent
PF-000420,5492612928724,2026-05-06 16:05:00,confirmado,9084.99,Pedido reciente field mock,true,false,fase-06-1-field-recent
PF-000421,5492999435946,2025-06-01 18:13:00,confirmado,16394.25,Pedido histórico field mock,true,false,fase-06-1-field-backbone
PF-000422,5492999435946,2025-07-09 12:15:00,confirmado,12990.00,Pedido histórico field mock,true,false,fase-06-1-field-backbone
PF-000423,5492999435946,2025-08-18 13:26:00,confirmado,5310.75,Pedido histórico field mock,true,false,fase-06-1-field-backbone
PF-000424,5492999435946,2025-09-27 17:47:00,confirmado,4530.00,Pedido histórico field mock,true,false,fase-06-1-field-backbone
PF-000425,5492999435946,2025-10-30 14:04:00,confirmado,7440.00,Pedido histórico field mock,true,false,fase-06-1-field-backbone
PF-000426,5492999435946,2025-12-11 15:22:00,confirmado,2910.00,Pedido histórico field mock,true,false,fase-06-1-field-backbone
PF-000427,5492999435946,2026-01-19 10:15:00,confirmado,7104.00,Pedido histórico field mock,true,false,fase-06-1-field-backbone
PF-000428,5492999435946,2026-04-08 10:21:00,confirmado,4215.00,Pedido reciente field mock,true,false,fase-06-1-field-recent
PF-000429,5492999435946,2026-04-22 11:17:00,confirmado,6877.50,Pedido reciente field mock,true,false,fase-06-1-field-recent
PF-000430,5492999435946,2026-04-30 16:07:00,confirmado,11520.00,Pedido reciente field mock,true,false,fase-06-1-field-recent
PF-000431,5493517632424,2025-06-01 10:18:00,confirmado,7465.83,Pedido histórico field mock,true,false,fase-06-1-field-backbone
PF-000432,5493517632424,2025-07-10 15:08:00,confirmado,5029.17,Pedido histórico field mock,true,false,fase-06-1-field-backbone
PF-000433,5493517632424,2025-08-18 09:19:00,confirmado,10426.67,Pedido histórico field mock,true,false,fase-06-1-field-backbone
PF-000434,5493517632424,2025-09-28 18:04:00,confirmado,8046.67,Pedido histórico field mock,true,false,fase-06-1-field-backbone
PF-000435,5493517632424,2025-10-28 13:14:00,confirmado,9668.76,Pedido histórico field mock,true,false,fase-06-1-field-backbone
PF-000436,5493517632424,2025-12-11 08:13:00,confirmado,10589.58,Pedido histórico field mock,true,false,fase-06-1-field-backbone
PF-000437,5493517632424,2026-01-12 09:48:00,confirmado,16141.50,Pedido histórico field mock,true,false,fase-06-1-field-backbone
PF-000438,5493517632424,2026-05-02 18:45:00,confirmado,7246.26,Pedido reciente field mock,true,false,fase-06-1-field-recent
PF-000439,5493517632424,2026-05-11 16:20:00,confirmado,9066.65,Pedido reciente field mock,true,false,fase-06-1-field-recent
PF-000440,5493517632424,2026-05-19 13:30:00,confirmado,6722.08,Pedido reciente field mock,true,false,fase-06-1-field-recent
PF-000441,5493416524997,2025-06-04 12:53:00,confirmado,9989.99,Pedido histórico field mock,true,false,fase-06-1-field-backbone
PF-000442,5493416524997,2025-07-14 08:57:00,confirmado,7049.99,Pedido histórico field mock,true,false,fase-06-1-field-backbone
PF-000443,5493416524997,2025-08-11 10:48:00,confirmado,18723.31,Pedido histórico field mock,true,false,fase-06-1-field-backbone
PF-000444,5493416524997,2025-09-19 14:10:00,confirmado,50199.99,Pedido histórico field mock,true,false,fase-06-1-field-backbone
PF-000445,5493416524997,2025-10-29 13:39:00,confirmado,16029.14,Pedido histórico field mock,true,false,fase-06-1-field-backbone
PF-000446,5493416524997,2025-12-07 10:01:00,confirmado,16433.31,Pedido histórico field mock,true,false,fase-06-1-field-backbone
PF-000447,5493416524997,2026-01-17 14:52:00,confirmado,7866.65,Pedido histórico field mock,true,false,fase-06-1-field-backbone
PF-000448,5493416524997,2026-04-21 18:36:00,confirmado,5491.66,Pedido reciente field mock,true,false,fase-06-1-field-recent
PF-000449,5493416524997,2026-04-23 09:25:00,confirmado,6541.66,Pedido reciente field mock,true,false,fase-06-1-field-recent
PF-000450,5493416524997,2026-05-20 11:31:00,confirmado,7566.66,Pedido reciente field mock,true,false,fase-06-1-field-recent
PF-000451,5493876499570,2025-06-03 08:25:00,confirmado,15045.82,Pedido histórico field mock,true,false,fase-06-1-field-backbone
PF-000452,5493876499570,2025-07-07 17:38:00,confirmado,9423.27,Pedido histórico field mock,true,false,fase-06-1-field-backbone
PF-000453,5493876499570,2025-08-12 14:05:00,confirmado,7436.65,Pedido histórico field mock,true,false,fase-06-1-field-backbone
PF-000454,5493876499570,2025-09-27 11:28:00,confirmado,13646.65,Pedido histórico field mock,true,false,fase-06-1-field-backbone
PF-000455,5493876499570,2025-11-03 15:13:00,confirmado,20239.98,Pedido histórico field mock,true,false,fase-06-1-field-backbone
PF-000456,5493876499570,2025-12-12 13:23:00,confirmado,5784.49,Pedido histórico field mock,true,false,fase-06-1-field-backbone
PF-000457,5493876499570,2026-01-19 12:25:00,confirmado,9703.11,Pedido histórico field mock,true,false,fase-06-1-field-backbone
PF-000458,5493876499570,2026-04-11 13:40:00,confirmado,10254.15,Pedido reciente field mock,true,false,fase-06-1-field-recent
PF-000459,5493876499570,2026-04-29 14:39:00,confirmado,4226.25,Pedido reciente field mock,true,false,fase-06-1-field-recent
PF-000460,5493876499570,2026-05-17 16:47:00,confirmado,13943.76,Pedido reciente field mock,true,false,fase-06-1-field-recent
PF-000461,5492998066543,2025-06-05 12:25:00,confirmado,9799.50,Pedido histórico field mock,true,false,fase-06-1-field-backbone
PF-000462,5492998066543,2025-07-12 09:43:00,confirmado,75144.00,Pedido histórico field mock,true,false,fase-06-1-field-backbone
PF-000463,5492998066543,2025-08-21 15:36:00,confirmado,7440.00,Pedido histórico field mock,true,false,fase-06-1-field-backbone
PF-000464,5492998066543,2025-09-22 18:57:00,confirmado,12780.00,Pedido histórico field mock,true,false,fase-06-1-field-backbone
PF-000465,5492998066543,2025-10-27 17:34:00,confirmado,8970.00,Pedido histórico field mock,true,false,fase-06-1-field-backbone
PF-000466,5492998066543,2025-12-12 12:16:00,confirmado,7440.00,Pedido histórico field mock,true,false,fase-06-1-field-backbone
PF-000467,5492998066543,2026-01-16 13:33:00,confirmado,8730.00,Pedido histórico field mock,true,false,fase-06-1-field-backbone
PF-000468,5492998066543,2026-04-03 11:19:00,confirmado,7027.50,Pedido reciente field mock,true,false,fase-06-1-field-recent
PF-000469,5492998066543,2026-05-13 18:11:00,confirmado,10230.00,Pedido reciente field mock,true,false,fase-06-1-field-recent
PF-000470,5492998066543,2026-05-20 08:53:00,confirmado,9135.00,Pedido reciente field mock,true,false,fase-06-1-field-recent
